record_id,golden_id,cpse_source,raw_description,unspsc_code,unit_price_inr
REC_1000,1,IOCL,"CL-300#, BALL VALVE, C.S., 4 """,40141602,45000
REC_1001,1,IOCL,"CL 300#, BALL VALVE, CS, 100 MM",40141602,45000
REC_1002,1,OIL,"BALL VALVE, 300#, CS, 100 MM",40141602,45000
REC_1003,1,BPCL,"CS, 300#, 4 INCH, BALL VALVE",40141602,45000
REC_1004,1,BPCL,"4 INCH, BALL VALVE, C.S., CL 300",40141602,45000
REC_1005,1,ONGC,"300, BALL VALVE, C.S., 4 """,40141602,45000
REC_1006,1,IOCL,"BALL VALVE, CARBON STEEL, 4 IN, CL-300#",40141602,45000
REC_1007,1,BPCL,"4 IN, BALL VALVE, CL-300, CARBON STEEL",40141602,45000
REC_1008,1,OIL,"BALL VALVE, CLASS 300LB, CS, 4 IN",40141602,45000
REC_1009,1,IOCL,"CS, 4 IN, CLASS 300LB, BALL VALVE",40141602,45000
REC_1010,1,OIL,"100 MM, CLASS 300#, BALL VALVE, CARBON STEEL",40141602,45000
REC_1011,1,BPCL,"BALL VALVE, 300#, C.S., 100 MM",40141602,45000
REC_1012,1,IOCL,"4 "", BALL VALVE, CS, CL-300",40141602,45000
REC_1013,1,ONGC,"100 MM, 300, C.S., BALL VALVE",40141602,45000
REC_1014,1,BPCL,"CS, 4 INCH, BALL VALVE, CLASS 300#",40141602,45000
REC_1015,1,OIL,"4 "", CL-300#, BALL VALVE, C.S.",40141602,45000
REC_1016,1,BPCL,"300LB, CS, BALL VALVE, 100 MM",40141602,45000
REC_1017,1,IOCL,"C.S., CL 300, BALL VALVE, 4 """,40141602,45000
REC_1018,1,OIL,"BALL VALVE, CLASS 300#, C.S., 4 INCH",40141602,45000
REC_1019,1,ONGC,"CLASS 300#, CARBON STEEL, BALL VALVE, 4 INCH",40141602,45000
REC_1020,1,BPCL,"CL-300, C.S., BALL VALVE, 4 """,40141602,45000
REC_1021,1,IOCL,"BALL VALVE, CS, 300#, 4 IN",40141602,45000
REC_1022,1,OIL,"C.S., BALL VALVE, 4 IN, CLASS 300#",40141602,45000
REC_1023,1,IOCL,"C.S., BALL VALVE, 4 "", 300LB",40141602,45000
REC_1024,1,IOCL,"300#, CARBON STEEL, BALL VALVE, 4 """,40141602,45000
REC_1025,1,ONGC,"CARBON STEEL, 300LB, BALL VALVE, 4 IN",40141602,45000
REC_1026,1,IOCL,"C.S., CL 300#, BALL VALVE, 4 """,40141602,45000
REC_1027,1,ONGC,"CS, 100 MM, BALL VALVE, CL 300#",40141602,45000
REC_1028,1,BPCL,"CARBON STEEL, BALL VALVE, CLASS 300#, 100 MM",40141602,45000
REC_1029,1,IOCL,"4 "", BALL VALVE, C.S., CL 300#",40141602,45000
REC_1030,1,IOCL,"CS, BALL VALVE, CL 300, 4 """,40141602,45000
REC_1031,1,OIL,"CLASS 300, BALL VALVE, 4 "", C.S.",40141602,45000
REC_1032,1,BPCL,"BALL VALVE, CL-300, 4 IN, CARBON STEEL",40141602,45000
REC_1033,1,IOCL,"BALL VALVE, CL 300#, CARBON STEEL, 4 """,40141602,45000
REC_1034,1,OIL,"BALL VALVE, CS, 300LB, 4 INCH",40141602,45000
REC_1035,1,IOCL,"4 INCH, C.S., CL-300LB, BALL VALVE",40141602,45000
REC_1036,1,BPCL,"BALL VALVE, 4 INCH, 300#, C.S.",40141602,45000
REC_1037,1,BPCL,"CS, 4 "", CLASS 300LB, BALL VALVE",40141602,45000
REC_1038,1,OIL,"4 INCH, BALL VALVE, CS, CLASS 300",40141602,45000
REC_1039,1,IOCL,"C.S., BALL VALVE, CL 300LB, 4 """,40141602,45000
REC_1040,1,IOCL,"300#, BALL VALVE, CARBON STEEL, 4 INCH",40141602,45000
REC_1041,1,BPCL,"C.S., CL-300#, BALL VALVE, 100 MM",40141602,45000
REC_1042,1,IOCL,"C.S., BALL VALVE, CLASS 300, 4 IN",40141602,45000
REC_1043,1,IOCL,"BALL VALVE, CS, 100 MM, CL-300#",40141602,45000
REC_1044,1,OIL,"CL-300LB, BALL VALVE, 4 IN, CS",40141602,45000
REC_1045,1,BPCL,"4 INCH, CLASS 300, BALL VALVE, C.S.",40141602,45000
REC_1046,1,BPCL,"BALL VALVE, C.S., 4 IN, CL 300#",40141602,45000
REC_1047,1,ONGC,"CL-300LB, 4 "", CARBON STEEL, BALL VALVE",40141602,45000
REC_1048,1,IOCL,"BALL VALVE, 4 IN, CL 300, CARBON STEEL",40141602,45000
REC_1049,1,IOCL,"BALL VALVE, 4 INCH, C.S., CLASS 300LB",40141602,45000
REC_1050,1,OIL,"BALL VALVE, CLASS 300, CARBON STEEL, 4 IN",40141602,45000
REC_1051,1,ONGC,"BALL VALVE, CL-300LB, 4 "", CARBON STEEL",40141602,45000
REC_1052,1,ONGC,"CL-300, C.S., 4 IN, BALL VALVE",40141602,45000
REC_1053,1,IOCL,"CL-300#, C.S., BALL VALVE, 4 IN",40141602,45000
REC_1054,1,OIL,"BALL VALVE, CLASS 300LB, C.S., 100 MM",40141602,45000
REC_1055,1,ONGC,"100 MM, CS, BALL VALVE, CL 300#",40141602,45000
REC_1056,1,ONGC,"BALL VALVE, C.S., CL 300LB, 4 """,40141602,45000
REC_1057,1,ONGC,"BALL VALVE, C.S., 100 MM, CL-300",40141602,45000
REC_1058,1,OIL,"C.S., 4 INCH, BALL VALVE, CL-300LB",40141602,45000
REC_1059,1,OIL,"CARBON STEEL, CL 300#, BALL VALVE, 4 INCH",40141602,45000
REC_1060,1,OIL,"CS, BALL VALVE, 4 IN, CLASS 300LB",40141602,45000
REC_1061,1,OIL,"CARBON STEEL, BALL VALVE, 100 MM, CL 300",40141602,45000
REC_1062,1,BPCL,"BALL VALVE, CARBON STEEL, CL-300LB, 4 INCH",40141602,45000
REC_1063,1,ONGC,"CARBON STEEL, BALL VALVE, CLASS 300, 4 """,40141602,45000
REC_1064,1,IOCL,"C.S., 100 MM, BALL VALVE, CL 300#",40141602,45000
REC_1065,1,OIL,"BALL VALVE, CARBON STEEL, 4 "", 300#",40141602,45000
REC_1066,1,ONGC,"4 INCH, CL 300LB, CARBON STEEL, BALL VALVE",40141602,45000
REC_1067,1,BPCL,"CL 300#, C.S., BALL VALVE, 4 IN",40141602,45000
REC_1068,1,OIL,"BALL VALVE, CS, CL 300, 4 IN",40141602,45000
REC_1069,1,BPCL,"4 IN, CL 300#, BALL VALVE, C.S.",40141602,45000
REC_1070,1,BPCL,"CARBON STEEL, CL-300#, BALL VALVE, 100 MM",40141602,45000
REC_1071,1,IOCL,"CLASS 300, 4 "", BALL VALVE, CARBON STEEL",40141602,45000
REC_1072,1,IOCL,"100 MM, BALL VALVE, CARBON STEEL, CLASS 300LB",40141602,45000
REC_1073,1,ONGC,"BALL VALVE, C.S., 4 IN, 300",40141602,45000
REC_1074,1,BPCL,"BALL VALVE, CS, 300LB, 4 INCH",40141602,45000
REC_1075,1,BPCL,"BALL VALVE, CARBON STEEL, CL-300LB, 4 """,40141602,45000
REC_1076,1,BPCL,"4 INCH, 300, C.S., BALL VALVE",40141602,45000
REC_1077,1,IOCL,"BALL VALVE, CLASS 300, C.S., 4 IN",40141602,45000
REC_1078,1,ONGC,"100 MM, BALL VALVE, CS, 300#",40141602,45000
REC_1079,1,BPCL,"BALL VALVE, 300LB, 4 INCH, CARBON STEEL",40141602,45000
REC_1080,1,BPCL,"CARBON STEEL, BALL VALVE, CL 300, 4 INCH",40141602,45000
REC_1081,1,OIL,"4 IN, CLASS 300LB, BALL VALVE, CS",40141602,45000
REC_1082,1,BPCL,"CARBON STEEL, BALL VALVE, 300#, 4 IN",40141602,45000
REC_1083,1,IOCL,"CLASS 300#, 4 INCH, C.S., BALL VALVE",40141602,45000
REC_1084,1,ONGC,"CL-300#, BALL VALVE, 100 MM, CARBON STEEL",40141602,45000
REC_1085,1,IOCL,"BALL VALVE, CL 300#, CARBON STEEL, 100 MM",40141602,45000
REC_1086,1,IOCL,"BALL VALVE, CLASS 300, CS, 4 IN",40141602,45000
REC_1087,1,ONGC,"100 MM, CLASS 300LB, CARBON STEEL, BALL VALVE",40141602,45000
REC_1088,1,OIL,"CL 300#, CARBON STEEL, BALL VALVE, 4 IN",40141602,45000
REC_1089,1,OIL,"CARBON STEEL, 4 "", CLASS 300LB, BALL VALVE",40141602,45000
REC_1090,1,BPCL,"CS, BALL VALVE, CL-300LB, 100 MM",40141602,45000
REC_1091,1,OIL,"BALL VALVE, CARBON STEEL, CL 300#, 4 IN",40141602,45000
REC_1092,1,ONGC,"BALL VALVE, CARBON STEEL, 4 "", 300",40141602,45000
REC_1093,1,ONGC,"BALL VALVE, 4 "", CLASS 300, C.S.",40141602,45000
REC_1094,1,IOCL,"4 "", BALL VALVE, CL 300, CS",40141602,45000
REC_1095,1,OIL,"BALL VALVE, CLASS 300LB, C.S., 100 MM",40141602,45000
REC_1096,1,ONGC,"4 "", BALL VALVE, CLASS 300LB, CARBON STEEL",40141602,45000
REC_1097,1,OIL,"4 INCH, BALL VALVE, CARBON STEEL, CLASS 300LB",40141602,45000
REC_1098,1,ONGC,"4 "", BALL VALVE, CARBON STEEL, 300#",40141602,45000
REC_1099,1,ONGC,"BALL VALVE, 100 MM, CS, 300",40141602,45000
REC_1100,1,IOCL,"BALL VALVE, 4 IN, CARBON STEEL, CL-300LB",40141602,45000
REC_1101,1,IOCL,"C.S., BALL VALVE, CL-300, 4 """,40141602,45000
REC_1102,1,ONGC,"BALL VALVE, CS, CLASS 300#, 4 """,40141602,45000
REC_1103,1,BPCL,"CARBON STEEL, BALL VALVE, CL-300LB, 100 MM",40141602,45000
REC_1104,1,OIL,"300, 4 "", BALL VALVE, CARBON STEEL",40141602,45000
REC_1105,1,BPCL,"BALL VALVE, 100 MM, CLASS 300LB, CS",40141602,45000
REC_1106,1,ONGC,"CS, 4 INCH, BALL VALVE, CL-300",40141602,45000
REC_1107,1,IOCL,"C.S., BALL VALVE, CLASS 300LB, 4 INCH",40141602,45000
REC_1108,1,OIL,"4 INCH, CS, BALL VALVE, CL 300",40141602,45000
REC_1109,1,ONGC,"4 IN, BALL VALVE, CS, 300LB",40141602,45000
REC_1110,1,BPCL,"100 MM, CLASS 300, CARBON STEEL, BALL VALVE",40141602,45000
REC_1111,1,OIL,"4 INCH, CL 300LB, CS, BALL VALVE",40141602,45000
REC_1112,1,ONGC,"CL 300#, 4 IN, BALL VALVE, C.S.",40141602,45000
REC_1113,1,BPCL,"4 INCH, BALL VALVE, CARBON STEEL, CL-300",40141602,45000
REC_1114,1,OIL,"CS, BALL VALVE, CLASS 300, 4 IN",40141602,45000
REC_1115,1,OIL,"CLASS 300LB, C.S., 100 MM, BALL VALVE",40141602,45000
REC_1116,1,OIL,"BALL VALVE, 4 "", CARBON STEEL, 300",40141602,45000
REC_1117,1,ONGC,"BALL VALVE, CS, CLASS 300#, 4 INCH",40141602,45000
REC_1118,1,BPCL,"4 INCH, CLASS 300LB, CS, BALL VALVE",40141602,45000
REC_1119,1,ONGC,"BALL VALVE, 300#, CS, 4 INCH",40141602,45000
REC_1120,1,OIL,"C.S., 4 "", BALL VALVE, CL 300LB",40141602,45000
REC_1121,1,OIL,"CARBON STEEL, CLASS 300#, BALL VALVE, 4 """,40141602,45000
REC_1122,1,BPCL,"300, 4 IN, BALL VALVE, CARBON STEEL",40141602,45000
REC_1123,1,IOCL,"CLASS 300, 4 IN, BALL VALVE, CS",40141602,45000
REC_1124,1,IOCL,"BALL VALVE, 4 INCH, CLASS 300LB, C.S.",40141602,45000
REC_1125,1,BPCL,"4 "", BALL VALVE, CLASS 300#, C.S.",40141602,45000
REC_1126,1,IOCL,"CLASS 300#, C.S., BALL VALVE, 100 MM",40141602,45000
REC_1127,1,BPCL,"BALL VALVE, CS, CL-300, 100 MM",40141602,45000
REC_1128,1,BPCL,"CL-300LB, C.S., 100 MM, BALL VALVE",40141602,45000
REC_1129,1,BPCL,"C.S., 4 "", BALL VALVE, CL-300LB",40141602,45000
REC_1130,1,IOCL,"C.S., BALL VALVE, 4 INCH, 300#",40141602,45000
REC_1131,1,IOCL,"CS, 100 MM, CL-300, BALL VALVE",40141602,45000
REC_1132,1,OIL,"CL 300, BALL VALVE, C.S., 4 IN",40141602,45000
REC_1133,1,OIL,"CS, CL 300LB, BALL VALVE, 4 INCH",40141602,45000
REC_1134,1,OIL,"CL-300#, 4 "", BALL VALVE, C.S.",40141602,45000
REC_1135,1,IOCL,"4 IN, BALL VALVE, CARBON STEEL, CL-300",40141602,45000
REC_1136,1,IOCL,"CL 300LB, BALL VALVE, CARBON STEEL, 100 MM",40141602,45000
REC_1137,1,BPCL,"C.S., BALL VALVE, 100 MM, CL 300LB",40141602,45000
REC_1138,1,ONGC,"300, CS, BALL VALVE, 100 MM",40141602,45000
REC_1139,1,BPCL,"4 INCH, CARBON STEEL, BALL VALVE, 300LB",40141602,45000
REC_1140,1,OIL,"BALL VALVE, CARBON STEEL, 100 MM, CLASS 300LB",40141602,45000
REC_1141,1,IOCL,"BALL VALVE, 300LB, CARBON STEEL, 4 INCH",40141602,45000
REC_1142,1,IOCL,"4 "", CLASS 300#, BALL VALVE, CS",40141602,45000
REC_1143,1,BPCL,"CLASS 300, CARBON STEEL, 4 "", BALL VALVE",40141602,45000
REC_1144,1,BPCL,"4 "", C.S., BALL VALVE, CL-300#",40141602,45000
REC_1145,1,BPCL,"CL-300LB, 4 INCH, CS, BALL VALVE",40141602,45000
REC_1146,1,IOCL,"4 IN, 300LB, BALL VALVE, CARBON STEEL",40141602,45000
REC_1147,1,OIL,"BALL VALVE, CS, CL 300#, 100 MM",40141602,45000
REC_1148,1,ONGC,"4 INCH, BALL VALVE, 300, CS",40141602,45000
REC_1149,1,IOCL,"CL 300, CS, 4 IN, BALL VALVE",40141602,45000
REC_1150,1,ONGC,"CLASS 300LB, BALL VALVE, C.S., 100 MM",40141602,45000
REC_1151,1,BPCL,"100 MM, CLASS 300, BALL VALVE, CS",40141602,45000
REC_1152,1,ONGC,"BALL VALVE, CS, 300#, 4 """,40141602,45000
REC_1153,1,BPCL,"CS, BALL VALVE, CLASS 300#, 4 """,40141602,45000
REC_1154,1,BPCL,"CARBON STEEL, CL 300LB, 4 "", BALL VALVE",40141602,45000
REC_1155,1,BPCL,"C.S., CLASS 300LB, 100 MM, BALL VALVE",40141602,45000
REC_1156,1,BPCL,"4 IN, C.S., BALL VALVE, 300#",40141602,45000
REC_1157,1,ONGC,"CLASS 300LB, 100 MM, BALL VALVE, C.S.",40141602,45000
REC_1158,1,OIL,"BALL VALVE, C.S., CL 300, 4 """,40141602,45000
REC_1159,1,OIL,"300#, BALL VALVE, CS, 4 IN",40141602,45000
REC_1160,1,IOCL,"BALL VALVE, 4 IN, C.S., CLASS 300",40141602,45000
REC_1161,1,BPCL,"CLASS 300LB, BALL VALVE, 4 IN, CARBON STEEL",40141602,45000
REC_1162,1,BPCL,"CLASS 300#, CARBON STEEL, 4 "", BALL VALVE",40141602,45000
REC_1163,1,IOCL,"C.S., CLASS 300LB, 4 "", BALL VALVE",40141602,45000
REC_1164,1,BPCL,"C.S., CL 300LB, 100 MM, BALL VALVE",40141602,45000
REC_1165,1,OIL,"BALL VALVE, CS, CLASS 300LB, 4 """,40141602,45000
REC_1166,1,BPCL,"CL 300, 100 MM, BALL VALVE, CARBON STEEL",40141602,45000
REC_1167,1,IOCL,"100 MM, CL-300LB, CARBON STEEL, BALL VALVE",40141602,45000
REC_1168,1,BPCL,"CLASS 300#, C.S., 4 INCH, BALL VALVE",40141602,45000
REC_1169,1,BPCL,"BALL VALVE, 4 IN, C.S., CL 300",40141602,45000
REC_1170,1,IOCL,"4 INCH, CARBON STEEL, BALL VALVE, CL-300LB",40141602,45000
REC_1171,1,OIL,"CL 300, 4 IN, CS, BALL VALVE",40141602,45000
REC_1172,1,OIL,"BALL VALVE, CL-300, CS, 100 MM",40141602,45000
REC_1173,1,IOCL,"BALL VALVE, 100 MM, CL-300LB, CARBON STEEL",40141602,45000
REC_1174,1,OIL,"BALL VALVE, CARBON STEEL, 4 IN, CL-300LB",40141602,45000
REC_1175,1,ONGC,"CL-300LB, 100 MM, CS, BALL VALVE",40141602,45000
REC_1176,1,BPCL,"C.S., 4 "", CL 300LB, BALL VALVE",40141602,45000
REC_1177,1,ONGC,"CL-300LB, 4 IN, BALL VALVE, CARBON STEEL",40141602,45000
REC_1178,1,IOCL,"C.S., CL-300LB, 100 MM, BALL VALVE",40141602,45000
REC_1179,1,IOCL,"CS, 300#, BALL VALVE, 4 INCH",40141602,45000
REC_1180,1,ONGC,"4 IN, C.S., CLASS 300, BALL VALVE",40141602,45000
REC_1181,1,BPCL,"CLASS 300#, 4 IN, BALL VALVE, CS",40141602,45000
REC_1182,1,IOCL,"CS, CLASS 300#, 4 "", BALL VALVE",40141602,45000
REC_1183,1,OIL,"CL 300, 4 IN, BALL VALVE, CARBON STEEL",40141602,45000
REC_1184,1,OIL,"CL 300, C.S., 4 "", BALL VALVE",40141602,45000
REC_1185,1,IOCL,"CARBON STEEL, CL 300LB, 100 MM, BALL VALVE",40141602,45000
REC_1186,1,IOCL,"4 INCH, BALL VALVE, 300, CS",40141602,45000
REC_1187,1,ONGC,"C.S., 100 MM, BALL VALVE, CL-300#",40141602,45000
REC_1188,1,OIL,"BALL VALVE, 4 "", CS, 300LB",40141602,45000
REC_1189,1,BPCL,"300LB, 4 "", C.S., BALL VALVE",40141602,45000
REC_1190,1,BPCL,"BALL VALVE, CARBON STEEL, 4 "", CLASS 300",40141602,45000
REC_1191,1,OIL,"300, 100 MM, BALL VALVE, C.S.",40141602,45000
REC_1192,1,IOCL,"C.S., 100 MM, 300LB, BALL VALVE",40141602,45000
REC_1193,1,BPCL,"BALL VALVE, CARBON STEEL, 4 INCH, CLASS 300#",40141602,45000
REC_1194,1,IOCL,"C.S., 4 INCH, 300, BALL VALVE",40141602,45000
REC_1195,1,BPCL,"CLASS 300#, CS, BALL VALVE, 4 IN",40141602,45000
REC_1196,1,BPCL,"BALL VALVE, CL 300, CARBON STEEL, 4 INCH",40141602,45000
REC_1197,1,BPCL,"BALL VALVE, CL-300, 4 INCH, CARBON STEEL",40141602,45000
REC_1198,1,BPCL,"4 IN, BALL VALVE, CS, CL-300LB",40141602,45000
REC_1199,1,BPCL,"BALL VALVE, 4 INCH, CL-300, C.S.",40141602,45000
REC_1200,1,OIL,"CS, 4 "", BALL VALVE, CLASS 300#",40141602,45000
REC_1201,1,BPCL,"300LB, BALL VALVE, C.S., 4 """,40141602,45000
REC_1202,1,BPCL,"CS, 4 IN, BALL VALVE, CL-300#",40141602,45000
REC_1203,1,BPCL,"BALL VALVE, CL 300#, 100 MM, C.S.",40141602,45000
REC_1204,1,ONGC,"CL-300LB, C.S., 100 MM, BALL VALVE",40141602,45000
REC_1205,1,BPCL,"4 IN, BALL VALVE, C.S., CL-300#",40141602,45000
REC_1206,1,IOCL,"BALL VALVE, CARBON STEEL, CL-300LB, 4 IN",40141602,45000
REC_1207,1,IOCL,"4 INCH, BALL VALVE, 300#, CS",40141602,45000
REC_1208,1,OIL,"4 IN, CS, 300, BALL VALVE",40141602,45000
REC_1209,1,IOCL,"CLASS 300, C.S., 4 INCH, BALL VALVE",40141602,45000
REC_1210,1,BPCL,"100 MM, CS, BALL VALVE, CLASS 300LB",40141602,45000
REC_1211,1,OIL,"100 MM, BALL VALVE, CLASS 300#, CARBON STEEL",40141602,45000
REC_1212,1,BPCL,"4 INCH, BALL VALVE, CLASS 300#, C.S.",40141602,45000
REC_1213,1,BPCL,"300LB, CARBON STEEL, BALL VALVE, 4 IN",40141602,45000
REC_1214,1,IOCL,"BALL VALVE, CARBON STEEL, CLASS 300#, 4 INCH",40141602,45000
REC_1215,1,OIL,"CLASS 300LB, BALL VALVE, 4 IN, CARBON STEEL",40141602,45000
REC_1216,1,IOCL,"100 MM, CL-300#, BALL VALVE, C.S.",40141602,45000
REC_1217,1,BPCL,"C.S., 100 MM, CLASS 300LB, BALL VALVE",40141602,45000
REC_1218,1,OIL,"C.S., CLASS 300LB, 4 INCH, BALL VALVE",40141602,45000
REC_1219,1,OIL,"BALL VALVE, 4 INCH, C.S., CL 300LB",40141602,45000
REC_1220,1,IOCL,"4 IN, 300LB, BALL VALVE, CS",40141602,45000
REC_1221,1,ONGC,"BALL VALVE, CL-300, 4 "", CS",40141602,45000
REC_1222,1,OIL,"BALL VALVE, 4 IN, CARBON STEEL, 300#",40141602,45000
REC_1223,1,BPCL,"300LB, C.S., 100 MM, BALL VALVE",40141602,45000
REC_1224,1,IOCL,"C.S., BALL VALVE, 100 MM, CL 300",40141602,45000
REC_1225,1,IOCL,"CLASS 300#, CS, BALL VALVE, 100 MM",40141602,45000
REC_1226,1,OIL,"4 "", BALL VALVE, CARBON STEEL, CLASS 300#",40141602,45000
REC_1227,1,ONGC,"CL 300, BALL VALVE, C.S., 100 MM",40141602,45000
REC_1228,1,BPCL,"BALL VALVE, 100 MM, C.S., 300#",40141602,45000
REC_1229,1,BPCL,"BALL VALVE, 4 INCH, CL-300#, C.S.",40141602,45000
REC_1230,1,OIL,"BALL VALVE, CARBON STEEL, 4 INCH, CL-300",40141602,45000
REC_1231,1,BPCL,"CLASS 300LB, 4 INCH, BALL VALVE, CARBON STEEL",40141602,45000
REC_1232,1,IOCL,"BALL VALVE, 4 INCH, 300LB, C.S.",40141602,45000
REC_1233,1,OIL,"4 IN, 300#, C.S., BALL VALVE",40141602,45000
REC_1234,1,OIL,"CL-300, C.S., BALL VALVE, 4 """,40141602,45000
REC_1235,1,ONGC,"CL 300, C.S., BALL VALVE, 4 INCH",40141602,45000
REC_1236,1,ONGC,"CL-300LB, BALL VALVE, 100 MM, CARBON STEEL",40141602,45000
REC_1237,1,IOCL,"4 IN, C.S., BALL VALVE, CL 300#",40141602,45000
REC_1238,1,ONGC,"CS, 300#, 100 MM, BALL VALVE",40141602,45000
REC_1239,1,BPCL,"CARBON STEEL, BALL VALVE, 4 INCH, CLASS 300#",40141602,45000
REC_1240,1,IOCL,"4 INCH, BALL VALVE, CLASS 300, CS",40141602,45000
REC_1241,1,IOCL,"BALL VALVE, CARBON STEEL, 4 INCH, CL-300#",40141602,45000
REC_1242,1,IOCL,"C.S., BALL VALVE, 100 MM, CL-300#",40141602,45000
REC_1243,1,IOCL,"CLASS 300LB, BALL VALVE, 4 INCH, CARBON STEEL",40141602,45000
REC_1244,1,BPCL,"CL 300, C.S., 4 INCH, BALL VALVE",40141602,45000
REC_1245,1,OIL,"300, 100 MM, C.S., BALL VALVE",40141602,45000
REC_1246,1,BPCL,"BALL VALVE, 4 IN, CS, CLASS 300#",40141602,45000
REC_1247,1,ONGC,"CL-300#, 100 MM, C.S., BALL VALVE",40141602,45000
REC_1248,1,BPCL,"CL 300, BALL VALVE, C.S., 4 """,40141602,45000
REC_1249,1,OIL,"BALL VALVE, CL 300, C.S., 4 INCH",40141602,45000
REC_1250,1,IOCL,"CS, BALL VALVE, 100 MM, CL-300",40141602,45000
REC_1251,1,ONGC,"4 INCH, CLASS 300LB, C.S., BALL VALVE",40141602,45000
REC_1252,1,IOCL,"CARBON STEEL, 4 "", CL 300, BALL VALVE",40141602,45000
REC_1253,1,IOCL,"BALL VALVE, CARBON STEEL, 4 INCH, CL-300",40141602,45000
REC_1254,1,ONGC,"100 MM, CL-300, BALL VALVE, CARBON STEEL",40141602,45000
REC_1255,1,ONGC,"BALL VALVE, CL 300#, 4 IN, C.S.",40141602,45000
REC_1256,1,ONGC,"4 IN, 300#, BALL VALVE, CS",40141602,45000
REC_1257,1,IOCL,"100 MM, C.S., CL-300#, BALL VALVE",40141602,45000
REC_1258,1,ONGC,"4 "", CS, BALL VALVE, CL 300LB",40141602,45000
REC_1259,1,IOCL,"BALL VALVE, 4 IN, CL-300, C.S.",40141602,45000
REC_1260,1,OIL,"CL-300LB, BALL VALVE, 4 INCH, CS",40141602,45000
REC_1261,1,OIL,"BALL VALVE, 100 MM, C.S., CL 300LB",40141602,45000
REC_1262,1,ONGC,"100 MM, CS, BALL VALVE, CLASS 300#",40141602,45000
REC_1263,1,BPCL,"CARBON STEEL, BALL VALVE, CLASS 300LB, 4 IN",40141602,45000
REC_1264,1,BPCL,"4 IN, CL 300LB, BALL VALVE, CARBON STEEL",40141602,45000
REC_1265,1,IOCL,"CL 300#, BALL VALVE, CARBON STEEL, 4 INCH",40141602,45000
REC_1266,1,ONGC,"CL 300#, BALL VALVE, CARBON STEEL, 4 IN",40141602,45000
REC_1267,1,ONGC,"BALL VALVE, CL-300LB, C.S., 4 IN",40141602,45000
REC_1268,1,BPCL,"BALL VALVE, 300LB, 100 MM, CARBON STEEL",40141602,45000
REC_1269,1,ONGC,"BALL VALVE, 300#, 4 "", C.S.",40141602,45000
REC_1270,1,IOCL,"C.S., BALL VALVE, 4 IN, CL 300LB",40141602,45000
REC_1271,1,OIL,"BALL VALVE, CL-300LB, 4 INCH, CS",40141602,45000
REC_1272,1,ONGC,"BALL VALVE, 300#, CS, 100 MM",40141602,45000
REC_1273,1,OIL,"C.S., 4 "", CL 300, BALL VALVE",40141602,45000
REC_1274,1,OIL,"BALL VALVE, CL-300#, CS, 4 IN",40141602,45000
REC_1275,1,BPCL,"4 "", C.S., BALL VALVE, CLASS 300",40141602,45000
REC_1276,1,ONGC,"300, 4 "", BALL VALVE, CS",40141602,45000
REC_1277,1,OIL,"BALL VALVE, CL-300#, CS, 4 """,40141602,45000
REC_1278,1,BPCL,"4 INCH, BALL VALVE, CARBON STEEL, 300LB",40141602,45000
REC_1279,1,OIL,"BALL VALVE, C.S., 4 INCH, CL 300#",40141602,45000
REC_1280,1,ONGC,"BALL VALVE, C.S., 4 "", CL-300#",40141602,45000
REC_1281,1,IOCL,"CS, 4 "", CLASS 300LB, BALL VALVE",40141602,45000
REC_1282,1,IOCL,"BALL VALVE, CL-300, CARBON STEEL, 4 IN",40141602,45000
REC_1283,1,IOCL,"BALL VALVE, 4 INCH, CS, CL-300",40141602,45000
REC_1284,1,ONGC,"4 IN, CL 300, BALL VALVE, C.S.",40141602,45000
REC_1285,1,ONGC,"CLASS 300LB, 4 IN, CS, BALL VALVE",40141602,45000
REC_1286,1,ONGC,"BALL VALVE, CLASS 300LB, CS, 100 MM",40141602,45000
REC_1287,1,IOCL,"CL 300#, 4 INCH, BALL VALVE, CS",40141602,45000
REC_1288,1,OIL,"CL 300#, CARBON STEEL, 100 MM, BALL VALVE",40141602,45000
REC_1289,1,BPCL,"BALL VALVE, CS, 4 INCH, CL 300#",40141602,45000
REC_1290,1,IOCL,"CL 300, BALL VALVE, 4 "", CS",40141602,45000
REC_1291,1,BPCL,"BALL VALVE, CL-300, CARBON STEEL, 100 MM",40141602,45000
REC_1292,1,OIL,"300LB, CARBON STEEL, BALL VALVE, 4 IN",40141602,45000
REC_1293,1,ONGC,"CLASS 300#, BALL VALVE, 4 INCH, CARBON STEEL",40141602,45000
REC_1294,1,ONGC,"CL-300LB, CARBON STEEL, 4 IN, BALL VALVE",40141602,45000
REC_1295,1,ONGC,"BALL VALVE, CARBON STEEL, CLASS 300, 4 INCH",40141602,45000
REC_1296,1,OIL,"BALL VALVE, 100 MM, CLASS 300LB, CARBON STEEL",40141602,45000
REC_1297,1,OIL,"4 INCH, CLASS 300LB, CARBON STEEL, BALL VALVE",40141602,45000
REC_1298,1,OIL,"4 "", BALL VALVE, CL-300LB, C.S.",40141602,45000
REC_1299,1,ONGC,"100 MM, BALL VALVE, 300#, CS",40141602,45000
REC_1300,1,ONGC,"BALL VALVE, 100 MM, CS, CLASS 300",40141602,45000
REC_1301,1,IOCL,"BALL VALVE, CL 300#, C.S., 4 INCH",40141602,45000
REC_1302,1,OIL,"4 "", C.S., BALL VALVE, CLASS 300LB",40141602,45000
REC_1303,1,IOCL,"BALL VALVE, CL-300LB, 4 INCH, CS",40141602,45000
REC_1304,1,OIL,"4 INCH, CS, BALL VALVE, CL 300LB",40141602,45000
REC_1305,1,OIL,"BALL VALVE, CARBON STEEL, 4 INCH, CLASS 300#",40141602,45000
REC_1306,1,IOCL,"C.S., CLASS 300LB, 100 MM, BALL VALVE",40141602,45000
REC_1307,1,IOCL,"CL 300, BALL VALVE, CARBON STEEL, 4 """,40141602,45000
REC_1308,1,OIL,"CARBON STEEL, BALL VALVE, CLASS 300LB, 4 IN",40141602,45000
REC_1309,1,OIL,"CARBON STEEL, BALL VALVE, 100 MM, CL-300LB",40141602,45000
REC_1310,1,OIL,"4 IN, CL 300, CARBON STEEL, BALL VALVE",40141602,45000
REC_1311,1,BPCL,"BALL VALVE, 4 INCH, CS, CL 300LB",40141602,45000
REC_1312,1,ONGC,"100 MM, BALL VALVE, C.S., 300LB",40141602,45000
REC_1313,1,BPCL,"C.S., BALL VALVE, 300#, 4 """,40141602,45000
REC_1314,1,OIL,"BALL VALVE, CLASS 300LB, C.S., 4 INCH",40141602,45000
REC_1315,1,ONGC,"BALL VALVE, CARBON STEEL, CL-300, 4 IN",40141602,45000
REC_1316,1,OIL,"CARBON STEEL, CL 300LB, 4 IN, BALL VALVE",40141602,45000
REC_1317,1,OIL,"BALL VALVE, C.S., 100 MM, CLASS 300LB",40141602,45000
REC_1318,1,ONGC,"CL 300#, 4 IN, BALL VALVE, CS",40141602,45000
REC_1319,1,OIL,"4 INCH, CLASS 300, CS, BALL VALVE",40141602,45000
REC_1320,2,BPCL,"SS, GATE VALVE, CLASS 150, 6 INCH",40141604,62000
REC_1321,2,OIL,"STAINLESS STEEL, 150, 6 INCH, GATE VALVE",40141604,62000
REC_1322,2,OIL,"6 IN, SS316, GATE VALVE, 150",40141604,62000
REC_1323,2,OIL,"6 IN, GATE VALVE, 150, SS316",40141604,62000
REC_1324,2,BPCL,"SS316, 6 INCH, 150, GATE VALVE",40141604,62000
REC_1325,2,IOCL,"GATE VALVE, CL-150, SS, 6 INCH",40141604,62000
REC_1326,2,OIL,"GATE VALVE, SS, 6 IN, 150",40141604,62000
REC_1327,2,IOCL,"GATE VALVE, 150, 6 "", SS316",40141604,62000
REC_1328,2,BPCL,"CLASS 150, 6 "", GATE VALVE, SS",40141604,62000
REC_1329,2,OIL,"150, GATE VALVE, 6 IN, STAINLESS STEEL",40141604,62000
REC_1330,2,ONGC,"6 INCH, SS, GATE VALVE, CL 150",40141604,62000
REC_1331,2,OIL,"GATE VALVE, CLASS 150, SS, 6 IN",40141604,62000
REC_1332,2,OIL,"SS316, 150, 6 INCH, GATE VALVE",40141604,62000
REC_1333,2,IOCL,"6 IN, CL-150, STAINLESS STEEL, GATE VALVE",40141604,62000
REC_1334,2,IOCL,"GATE VALVE, CL-150, SS, 6 IN",40141604,62000
REC_1335,2,IOCL,"STAINLESS STEEL, GATE VALVE, CL 150, 6 """,40141604,62000
REC_1336,2,OIL,"GATE VALVE, CL 150, 6 IN, SS316",40141604,62000
REC_1337,2,OIL,"6 IN, CL-150, SS316, GATE VALVE",40141604,62000
REC_1338,2,ONGC,"6 INCH, SS, GATE VALVE, CL-150",40141604,62000
REC_1339,2,IOCL,"SS316, GATE VALVE, 6 IN, CLASS 150",40141604,62000
REC_1340,2,OIL,"6 INCH, GATE VALVE, CL-150, SS",40141604,62000
REC_1341,2,BPCL,"SS316, GATE VALVE, 6 IN, CL-150",40141604,62000
REC_1342,2,OIL,"6 IN, CL-150, SS, GATE VALVE",40141604,62000
REC_1343,2,BPCL,"STAINLESS STEEL, GATE VALVE, CLASS 150, 6 INCH",40141604,62000
REC_1344,2,IOCL,"CL-150, STAINLESS STEEL, 6 "", GATE VALVE",40141604,62000
REC_1345,2,ONGC,"STAINLESS STEEL, GATE VALVE, CL 150, 6 IN",40141604,62000
REC_1346,2,BPCL,"CL-150, GATE VALVE, 6 "", SS",40141604,62000
REC_1347,2,BPCL,"SS, CL 150, 6 IN, GATE VALVE",40141604,62000
REC_1348,2,ONGC,"6 "", CL-150, SS316, GATE VALVE",40141604,62000
REC_1349,2,IOCL,"150, 6 IN, GATE VALVE, STAINLESS STEEL",40141604,62000
REC_1350,2,IOCL,"STAINLESS STEEL, 150, 6 "", GATE VALVE",40141604,62000
REC_1351,2,ONGC,"STAINLESS STEEL, GATE VALVE, CL 150, 6 IN",40141604,62000
REC_1352,2,BPCL,"6 "", SS316, CL 150, GATE VALVE",40141604,62000
REC_1353,2,OIL,"STAINLESS STEEL, CLASS 150, GATE VALVE, 6 """,40141604,62000
REC_1354,2,OIL,"150, 6 INCH, STAINLESS STEEL, GATE VALVE",40141604,62000
REC_1355,2,IOCL,"CL 150, SS, 6 "", GATE VALVE",40141604,62000
REC_1356,2,BPCL,"CLASS 150, 6 INCH, GATE VALVE, SS316",40141604,62000
REC_1357,2,BPCL,"CLASS 150, STAINLESS STEEL, GATE VALVE, 6 IN",40141604,62000
REC_1358,2,ONGC,"SS316, 150, 6 "", GATE VALVE",40141604,62000
REC_1359,2,ONGC,"6 INCH, SS, GATE VALVE, CL-150",40141604,62000
REC_1360,2,BPCL,"CLASS 150, GATE VALVE, 6 "", SS",40141604,62000
REC_1361,2,IOCL,"STAINLESS STEEL, CL 150, 6 IN, GATE VALVE",40141604,62000
REC_1362,2,OIL,"GATE VALVE, CLASS 150, 6 INCH, STAINLESS STEEL",40141604,62000
REC_1363,2,BPCL,"6 IN, SS, CL-150, GATE VALVE",40141604,62000
REC_1364,2,OIL,"CLASS 150, 6 IN, GATE VALVE, STAINLESS STEEL",40141604,62000
REC_1365,2,BPCL,"6 IN, GATE VALVE, CL 150, SS",40141604,62000
REC_1366,2,OIL,"6 INCH, GATE VALVE, SS, CL-150",40141604,62000
REC_1367,2,BPCL,"SS, CLASS 150, GATE VALVE, 6 INCH",40141604,62000
REC_1368,2,IOCL,"SS, CL 150, GATE VALVE, 6 IN",40141604,62000
REC_1369,2,BPCL,"6 "", SS316, 150, GATE VALVE",40141604,62000
REC_1370,2,ONGC,"6 IN, STAINLESS STEEL, GATE VALVE, CL 150",40141604,62000
REC_1371,2,ONGC,"SS, 6 IN, GATE VALVE, CLASS 150",40141604,62000
REC_1372,2,OIL,"6 IN, CLASS 150, STAINLESS STEEL, GATE VALVE",40141604,62000
REC_1373,2,BPCL,"CLASS 150, SS316, 6 IN, GATE VALVE",40141604,62000
REC_1374,2,OIL,"CL-150, SS316, 6 IN, GATE VALVE",40141604,62000
REC_1375,2,ONGC,"6 IN, 150, GATE VALVE, SS316",40141604,62000
REC_1376,2,BPCL,"6 IN, GATE VALVE, CL 150, STAINLESS STEEL",40141604,62000
REC_1377,2,OIL,"SS316, 6 "", CL-150, GATE VALVE",40141604,62000
REC_1378,2,BPCL,"6 IN, GATE VALVE, 150, SS",40141604,62000
REC_1379,2,BPCL,"CLASS 150, 6 IN, GATE VALVE, SS",40141604,62000
REC_1380,2,IOCL,"SS, 6 "", GATE VALVE, CL-150",40141604,62000
REC_1381,2,OIL,"6 IN, SS316, CL-150, GATE VALVE",40141604,62000
REC_1382,2,OIL,"6 "", GATE VALVE, STAINLESS STEEL, CL 150",40141604,62000
REC_1383,2,BPCL,"GATE VALVE, 6 INCH, SS, CL-150",40141604,62000
REC_1384,2,BPCL,"GATE VALVE, SS316, 150, 6 IN",40141604,62000
REC_1385,2,BPCL,"6 IN, GATE VALVE, SS316, CL 150",40141604,62000
REC_1386,2,OIL,"SS, GATE VALVE, CL 150, 6 INCH",40141604,62000
REC_1387,2,OIL,"CL 150, GATE VALVE, 6 INCH, SS",40141604,62000
REC_1388,2,BPCL,"6 IN, CL 150, GATE VALVE, SS316",40141604,62000
REC_1389,2,IOCL,"GATE VALVE, SS316, 6 IN, CLASS 150",40141604,62000
REC_1390,2,BPCL,"6 IN, STAINLESS STEEL, GATE VALVE, CL-150",40141604,62000
REC_1391,2,BPCL,"CL 150, 6 "", GATE VALVE, STAINLESS STEEL",40141604,62000
REC_1392,2,OIL,"6 "", GATE VALVE, SS, 150",40141604,62000
REC_1393,2,ONGC,"STAINLESS STEEL, CL-150, 6 IN, GATE VALVE",40141604,62000
REC_1394,2,OIL,"150, GATE VALVE, 6 IN, SS316",40141604,62000
REC_1395,2,IOCL,"SS316, CLASS 150, 6 "", GATE VALVE",40141604,62000
REC_1396,2,ONGC,"6 "", SS316, CLASS 150, GATE VALVE",40141604,62000
REC_1397,2,OIL,"GATE VALVE, STAINLESS STEEL, 6 INCH, CL 150",40141604,62000
REC_1398,2,BPCL,"GATE VALVE, CLASS 150, 6 "", SS316",40141604,62000
REC_1399,2,OIL,"CLASS 150, 6 IN, GATE VALVE, STAINLESS STEEL",40141604,62000
REC_1400,2,IOCL,"GATE VALVE, 6 IN, CL 150, SS316",40141604,62000
REC_1401,2,OIL,"6 "", GATE VALVE, SS316, CLASS 150",40141604,62000
REC_1402,2,ONGC,"STAINLESS STEEL, CL 150, GATE VALVE, 6 INCH",40141604,62000
REC_1403,2,OIL,"SS, 6 IN, GATE VALVE, CL-150",40141604,62000
REC_1404,2,OIL,"STAINLESS STEEL, 6 IN, 150, GATE VALVE",40141604,62000
REC_1405,2,ONGC,"SS316, 6 INCH, GATE VALVE, CLASS 150",40141604,62000
REC_1406,2,OIL,"CL 150, SS316, 6 IN, GATE VALVE",40141604,62000
REC_1407,2,ONGC,"6 INCH, SS316, GATE VALVE, CLASS 150",40141604,62000
REC_1408,2,BPCL,"SS316, GATE VALVE, 6 IN, CLASS 150",40141604,62000
REC_1409,2,IOCL,"GATE VALVE, CL 150, 6 IN, STAINLESS STEEL",40141604,62000
REC_1410,2,ONGC,"GATE VALVE, SS, 6 "", 150",40141604,62000
REC_1411,2,ONGC,"GATE VALVE, 6 "", STAINLESS STEEL, CL-150",40141604,62000
REC_1412,2,IOCL,"6 IN, STAINLESS STEEL, CLASS 150, GATE VALVE",40141604,62000
REC_1413,2,OIL,"6 "", GATE VALVE, CLASS 150, SS",40141604,62000
REC_1414,2,BPCL,"6 INCH, CLASS 150, SS316, GATE VALVE",40141604,62000
REC_1415,2,OIL,"GATE VALVE, 6 INCH, SS316, CLASS 150",40141604,62000
REC_1416,2,BPCL,"SS316, CL 150, 6 IN, GATE VALVE",40141604,62000
REC_1417,2,OIL,"GATE VALVE, SS316, CL-150, 6 IN",40141604,62000
REC_1418,2,IOCL,"SS, 6 "", CL-150, GATE VALVE",40141604,62000
REC_1419,2,BPCL,"150, 6 INCH, GATE VALVE, STAINLESS STEEL",40141604,62000
REC_1420,2,BPCL,"GATE VALVE, 6 IN, CL 150, SS",40141604,62000
REC_1421,2,BPCL,"GATE VALVE, 150, 6 "", SS",40141604,62000
REC_1422,2,BPCL,"GATE VALVE, 6 IN, SS316, CL-150",40141604,62000
REC_1423,2,OIL,"GATE VALVE, STAINLESS STEEL, 6 "", 150",40141604,62000
REC_1424,2,IOCL,"GATE VALVE, 6 IN, SS316, CL-150",40141604,62000
REC_1425,2,BPCL,"SS316, CL-150, 6 IN, GATE VALVE",40141604,62000
REC_1426,2,BPCL,"CL 150, 6 IN, GATE VALVE, STAINLESS STEEL",40141604,62000
REC_1427,2,ONGC,"STAINLESS STEEL, 150, 6 INCH, GATE VALVE",40141604,62000
REC_1428,2,IOCL,"GATE VALVE, 6 IN, SS316, CL 150",40141604,62000
REC_1429,2,ONGC,"GATE VALVE, 6 "", SS, CL-150",40141604,62000
REC_1430,2,OIL,"6 INCH, GATE VALVE, CL 150, SS",40141604,62000
REC_1431,2,BPCL,"150, GATE VALVE, STAINLESS STEEL, 6 """,40141604,62000
REC_1432,2,ONGC,"GATE VALVE, SS316, 6 "", CLASS 150",40141604,62000
REC_1433,2,ONGC,"CL-150, 6 IN, GATE VALVE, SS",40141604,62000
REC_1434,2,OIL,"CL-150, GATE VALVE, 6 "", SS",40141604,62000
REC_1435,2,IOCL,"SS316, 6 IN, 150, GATE VALVE",40141604,62000
REC_1436,2,BPCL,"GATE VALVE, SS316, 150, 6 IN",40141604,62000
REC_1437,2,BPCL,"CL 150, GATE VALVE, STAINLESS STEEL, 6 IN",40141604,62000
REC_1438,2,OIL,"6 "", GATE VALVE, CL-150, SS316",40141604,62000
REC_1439,2,ONGC,"6 INCH, CL 150, SS316, GATE VALVE",40141604,62000
REC_1440,2,IOCL,"SS, 6 "", GATE VALVE, CLASS 150",40141604,62000
REC_1441,2,ONGC,"6 IN, GATE VALVE, SS316, CL 150",40141604,62000
REC_1442,2,BPCL,"SS, 6 IN, CL 150, GATE VALVE",40141604,62000
REC_1443,2,OIL,"SS316, GATE VALVE, 6 IN, CL-150",40141604,62000
REC_1444,2,IOCL,"CLASS 150, SS316, GATE VALVE, 6 IN",40141604,62000
REC_1445,2,IOCL,"6 "", CLASS 150, SS316, GATE VALVE",40141604,62000
REC_1446,2,IOCL,"CLASS 150, GATE VALVE, 6 INCH, SS",40141604,62000
REC_1447,2,IOCL,"150, GATE VALVE, 6 IN, STAINLESS STEEL",40141604,62000
REC_1448,2,IOCL,"GATE VALVE, CL-150, 6 "", SS",40141604,62000
REC_1449,2,IOCL,"GATE VALVE, SS, 6 INCH, CL 150",40141604,62000
REC_1450,2,ONGC,"CL-150, GATE VALVE, SS316, 6 IN",40141604,62000
REC_1451,2,OIL,"SS316, 6 "", GATE VALVE, CLASS 150",40141604,62000
REC_1452,2,BPCL,"SS316, 6 "", GATE VALVE, CL-150",40141604,62000
REC_1453,2,ONGC,"GATE VALVE, 150, STAINLESS STEEL, 6 """,40141604,62000
REC_1454,2,IOCL,"GATE VALVE, 6 IN, CL-150, SS316",40141604,62000
REC_1455,2,OIL,"SS316, GATE VALVE, 6 "", CL-150",40141604,62000
REC_1456,2,IOCL,"6 IN, 150, SS, GATE VALVE",40141604,62000
REC_1457,2,ONGC,"SS, 6 IN, GATE VALVE, CLASS 150",40141604,62000
REC_1458,2,ONGC,"STAINLESS STEEL, GATE VALVE, 6 INCH, CL 150",40141604,62000
REC_1459,2,IOCL,"GATE VALVE, 150, SS316, 6 """,40141604,62000
REC_1460,2,BPCL,"GATE VALVE, 6 INCH, SS, CLASS 150",40141604,62000
REC_1461,2,ONGC,"GATE VALVE, CL-150, 6 "", SS316",40141604,62000
REC_1462,2,BPCL,"SS, 6 "", GATE VALVE, CLASS 150",40141604,62000
REC_1463,2,OIL,"GATE VALVE, CL-150, STAINLESS STEEL, 6 IN",40141604,62000
REC_1464,2,IOCL,"6 IN, GATE VALVE, SS316, CL 150",40141604,62000
REC_1465,2,ONGC,"GATE VALVE, 6 "", SS316, CL 150",40141604,62000
REC_1466,2,OIL,"GATE VALVE, 6 IN, CL 150, SS",40141604,62000
REC_1467,2,ONGC,"6 IN, STAINLESS STEEL, GATE VALVE, 150",40141604,62000
REC_1468,2,ONGC,"150, SS316, GATE VALVE, 6 INCH",40141604,62000
REC_1469,2,BPCL,"6 INCH, GATE VALVE, CL-150, SS",40141604,62000
REC_1470,2,BPCL,"CLASS 150, GATE VALVE, 6 IN, SS316",40141604,62000
REC_1471,2,IOCL,"SS, 6 "", CL 150, GATE VALVE",40141604,62000
REC_1472,2,OIL,"6 INCH, CL-150, GATE VALVE, STAINLESS STEEL",40141604,62000
REC_1473,2,BPCL,"SS316, 6 IN, GATE VALVE, CL-150",40141604,62000
REC_1474,2,IOCL,"STAINLESS STEEL, 6 IN, 150, GATE VALVE",40141604,62000
REC_1475,2,OIL,"150, GATE VALVE, SS316, 6 IN",40141604,62000
REC_1476,2,BPCL,"CL 150, GATE VALVE, SS316, 6 IN",40141604,62000
REC_1477,2,ONGC,"GATE VALVE, 150, STAINLESS STEEL, 6 """,40141604,62000
REC_1478,2,IOCL,"SS316, GATE VALVE, CL-150, 6 INCH",40141604,62000
REC_1479,2,BPCL,"6 IN, GATE VALVE, 150, SS316",40141604,62000
REC_1480,2,OIL,"SS, 6 "", GATE VALVE, CLASS 150",40141604,62000
REC_1481,2,OIL,"150, 6 IN, GATE VALVE, STAINLESS STEEL",40141604,62000
REC_1482,2,IOCL,"STAINLESS STEEL, CLASS 150, GATE VALVE, 6 """,40141604,62000
REC_1483,2,ONGC,"GATE VALVE, 6 "", 150, STAINLESS STEEL",40141604,62000
REC_1484,2,ONGC,"6 "", SS316, CL-150, GATE VALVE",40141604,62000
REC_1485,2,IOCL,"6 "", SS316, GATE VALVE, CL-150",40141604,62000
REC_1486,2,ONGC,"GATE VALVE, 6 "", SS316, CL-150",40141604,62000
REC_1487,2,IOCL,"6 "", CL-150, SS, GATE VALVE",40141604,62000
REC_1488,2,BPCL,"CLASS 150, 6 IN, GATE VALVE, STAINLESS STEEL",40141604,62000
REC_1489,2,IOCL,"6 "", CL 150, SS316, GATE VALVE",40141604,62000
REC_1490,2,BPCL,"150, SS316, 6 "", GATE VALVE",40141604,62000
REC_1491,2,ONGC,"SS, CLASS 150, GATE VALVE, 6 IN",40141604,62000
REC_1492,2,BPCL,"150, SS316, GATE VALVE, 6 IN",40141604,62000
REC_1493,2,IOCL,"GATE VALVE, CL 150, SS316, 6 IN",40141604,62000
REC_1494,2,OIL,"SS316, CL-150, GATE VALVE, 6 IN",40141604,62000
REC_1495,2,OIL,"6 "", GATE VALVE, SS316, CL 150",40141604,62000
REC_1496,2,BPCL,"GATE VALVE, SS, 6 "", CL-150",40141604,62000
REC_1497,2,OIL,"GATE VALVE, CL 150, 6 IN, STAINLESS STEEL",40141604,62000
REC_1498,2,BPCL,"GATE VALVE, CL-150, 6 INCH, SS316",40141604,62000
REC_1499,2,OIL,"GATE VALVE, SS, 6 "", CL-150",40141604,62000
REC_1500,2,OIL,"CLASS 150, GATE VALVE, 6 INCH, STAINLESS STEEL",40141604,62000
REC_1501,2,OIL,"6 "", CL-150, SS, GATE VALVE",40141604,62000
REC_1502,2,IOCL,"SS316, CLASS 150, GATE VALVE, 6 """,40141604,62000
REC_1503,2,ONGC,"CL-150, 6 IN, GATE VALVE, STAINLESS STEEL",40141604,62000
REC_1504,2,IOCL,"CL 150, GATE VALVE, SS316, 6 IN",40141604,62000
REC_1505,2,OIL,"SS, GATE VALVE, 6 IN, CL-150",40141604,62000
REC_1506,2,OIL,"150, SS, GATE VALVE, 6 IN",40141604,62000
REC_1507,2,BPCL,"CL 150, 6 IN, GATE VALVE, STAINLESS STEEL",40141604,62000
REC_1508,2,BPCL,"CLASS 150, 6 IN, SS316, GATE VALVE",40141604,62000
REC_1509,2,ONGC,"STAINLESS STEEL, GATE VALVE, 6 IN, 150",40141604,62000
REC_1510,2,OIL,"6 IN, CL 150, GATE VALVE, SS",40141604,62000
REC_1511,2,OIL,"GATE VALVE, SS316, CL 150, 6 IN",40141604,62000
REC_1512,2,IOCL,"GATE VALVE, CLASS 150, STAINLESS STEEL, 6 IN",40141604,62000
REC_1513,2,IOCL,"6 IN, CL-150, SS, GATE VALVE",40141604,62000
REC_1514,2,IOCL,"CLASS 150, 6 IN, SS, GATE VALVE",40141604,62000
REC_1515,2,IOCL,"SS316, CLASS 150, GATE VALVE, 6 IN",40141604,62000
REC_1516,2,OIL,"150, GATE VALVE, 6 IN, SS316",40141604,62000
REC_1517,2,OIL,"GATE VALVE, CL 150, SS, 6 IN",40141604,62000
REC_1518,2,OIL,"STAINLESS STEEL, 6 "", CL 150, GATE VALVE",40141604,62000
REC_1519,2,OIL,"SS316, GATE VALVE, 6 "", CLASS 150",40141604,62000
REC_1520,2,ONGC,"STAINLESS STEEL, 150, 6 IN, GATE VALVE",40141604,62000
REC_1521,2,BPCL,"SS, GATE VALVE, 6 IN, 150",40141604,62000
REC_1522,2,IOCL,"SS316, CL 150, 6 "", GATE VALVE",40141604,62000
REC_1523,2,BPCL,"GATE VALVE, CL-150, 6 IN, SS",40141604,62000
REC_1524,2,BPCL,"STAINLESS STEEL, 6 INCH, GATE VALVE, CL-150",40141604,62000
REC_1525,2,ONGC,"6 INCH, GATE VALVE, SS316, 150",40141604,62000
REC_1526,2,IOCL,"GATE VALVE, CL-150, SS316, 6 IN",40141604,62000
REC_1527,2,BPCL,"GATE VALVE, STAINLESS STEEL, CL 150, 6 """,40141604,62000
REC_1528,2,IOCL,"150, 6 "", SS, GATE VALVE",40141604,62000
REC_1529,2,ONGC,"SS316, GATE VALVE, 6 INCH, CL 150",40141604,62000
REC_1530,2,OIL,"CL-150, GATE VALVE, SS, 6 INCH",40141604,62000
REC_1531,2,BPCL,"GATE VALVE, CL-150, 6 IN, SS",40141604,62000
REC_1532,2,ONGC,"SS, 6 IN, CL 150, GATE VALVE",40141604,62000
REC_1533,2,BPCL,"6 INCH, GATE VALVE, SS, CL-150",40141604,62000
REC_1534,2,BPCL,"CL 150, 6 IN, SS316, GATE VALVE",40141604,62000
REC_1535,2,BPCL,"GATE VALVE, STAINLESS STEEL, 6 "", 150",40141604,62000
REC_1536,2,OIL,"SS316, CLASS 150, 6 INCH, GATE VALVE",40141604,62000
REC_1537,2,BPCL,"GATE VALVE, SS316, CL-150, 6 """,40141604,62000
REC_1538,2,BPCL,"CL-150, STAINLESS STEEL, 6 "", GATE VALVE",40141604,62000
REC_1539,2,IOCL,"6 IN, 150, GATE VALVE, STAINLESS STEEL",40141604,62000
REC_1540,2,ONGC,"CL-150, SS316, GATE VALVE, 6 IN",40141604,62000
REC_1541,2,OIL,"6 INCH, GATE VALVE, SS, CL 150",40141604,62000
REC_1542,2,IOCL,"150, GATE VALVE, 6 IN, SS316",40141604,62000
REC_1543,2,BPCL,"SS316, GATE VALVE, 6 IN, CL-150",40141604,62000
REC_1544,2,BPCL,"SS, GATE VALVE, 6 IN, CLASS 150",40141604,62000
REC_1545,2,IOCL,"GATE VALVE, 6 IN, CL 150, SS316",40141604,62000
REC_1546,2,OIL,"CLASS 150, GATE VALVE, 6 INCH, STAINLESS STEEL",40141604,62000
REC_1547,2,ONGC,"GATE VALVE, STAINLESS STEEL, 6 IN, 150",40141604,62000
REC_1548,2,OIL,"CL-150, 6 IN, GATE VALVE, SS316",40141604,62000
REC_1549,2,ONGC,"SS316, 6 IN, CL-150, GATE VALVE",40141604,62000
REC_1550,2,ONGC,"150, GATE VALVE, 6 IN, SS316",40141604,62000
REC_1551,2,ONGC,"CL 150, GATE VALVE, 6 "", SS",40141604,62000
REC_1552,2,ONGC,"150, GATE VALVE, 6 INCH, STAINLESS STEEL",40141604,62000
REC_1553,2,ONGC,"GATE VALVE, SS316, CL-150, 6 """,40141604,62000
REC_1554,2,BPCL,"CL 150, GATE VALVE, 6 IN, STAINLESS STEEL",40141604,62000
REC_1555,2,OIL,"SS316, 6 INCH, CLASS 150, GATE VALVE",40141604,62000
REC_1556,2,OIL,"GATE VALVE, 6 INCH, 150, SS316",40141604,62000
REC_1557,2,BPCL,"CLASS 150, SS316, GATE VALVE, 6 IN",40141604,62000
REC_1558,2,OIL,"STAINLESS STEEL, GATE VALVE, CL 150, 6 IN",40141604,62000
REC_1559,2,IOCL,"6 "", GATE VALVE, SS316, CL 150",40141604,62000
REC_1560,2,IOCL,"SS, GATE VALVE, 6 INCH, CL 150",40141604,62000
REC_1561,2,OIL,"CL-150, SS316, GATE VALVE, 6 INCH",40141604,62000
REC_1562,2,BPCL,"6 INCH, STAINLESS STEEL, GATE VALVE, 150",40141604,62000
REC_1563,2,ONGC,"6 IN, GATE VALVE, SS316, 150",40141604,62000
REC_1564,2,IOCL,"STAINLESS STEEL, GATE VALVE, CLASS 150, 6 IN",40141604,62000
REC_1565,2,IOCL,"CLASS 150, 6 IN, STAINLESS STEEL, GATE VALVE",40141604,62000
REC_1566,2,ONGC,"STAINLESS STEEL, 150, GATE VALVE, 6 INCH",40141604,62000
REC_1567,2,OIL,"GATE VALVE, CLASS 150, STAINLESS STEEL, 6 IN",40141604,62000
REC_1568,2,ONGC,"GATE VALVE, CLASS 150, SS, 6 IN",40141604,62000
REC_1569,2,BPCL,"SS, GATE VALVE, CL 150, 6 INCH",40141604,62000
REC_1570,2,ONGC,"6 IN, CLASS 150, GATE VALVE, SS316",40141604,62000
REC_1571,2,IOCL,"GATE VALVE, 150, SS, 6 """,40141604,62000
REC_1572,2,IOCL,"GATE VALVE, SS, CL 150, 6 IN",40141604,62000
REC_1573,2,BPCL,"6 IN, STAINLESS STEEL, CL 150, GATE VALVE",40141604,62000
REC_1574,2,BPCL,"GATE VALVE, SS316, CLASS 150, 6 IN",40141604,62000
REC_1575,2,IOCL,"CLASS 150, GATE VALVE, SS, 6 """,40141604,62000
REC_1576,2,OIL,"GATE VALVE, 6 IN, SS, CL-150",40141604,62000
REC_1577,2,BPCL,"CL 150, SS316, 6 IN, GATE VALVE",40141604,62000
REC_1578,2,BPCL,"GATE VALVE, CL-150, SS, 6 IN",40141604,62000
REC_1579,2,BPCL,"CL 150, STAINLESS STEEL, GATE VALVE, 6 """,40141604,62000
REC_1580,2,ONGC,"SS, 6 IN, GATE VALVE, CL-150",40141604,62000
REC_1581,2,IOCL,"SS316, 6 "", CL-150, GATE VALVE",40141604,62000
REC_1582,2,OIL,"SS316, 150, GATE VALVE, 6 INCH",40141604,62000
REC_1583,2,BPCL,"GATE VALVE, 6 IN, SS, CLASS 150",40141604,62000
REC_1584,2,ONGC,"SS, GATE VALVE, 6 IN, 150",40141604,62000
REC_1585,2,IOCL,"150, GATE VALVE, 6 IN, STAINLESS STEEL",40141604,62000
REC_1586,2,ONGC,"SS316, GATE VALVE, 150, 6 IN",40141604,62000
REC_1587,2,ONGC,"GATE VALVE, CLASS 150, SS316, 6 IN",40141604,62000
REC_1588,2,BPCL,"6 IN, STAINLESS STEEL, CL 150, GATE VALVE",40141604,62000
REC_1589,2,OIL,"SS, 6 "", CLASS 150, GATE VALVE",40141604,62000
REC_1590,2,ONGC,"6 INCH, STAINLESS STEEL, CL-150, GATE VALVE",40141604,62000
REC_1591,2,ONGC,"SS316, GATE VALVE, 6 "", CL 150",40141604,62000
REC_1592,2,BPCL,"150, GATE VALVE, SS, 6 """,40141604,62000
REC_1593,2,IOCL,"CL-150, GATE VALVE, STAINLESS STEEL, 6 IN",40141604,62000
REC_1594,2,ONGC,"GATE VALVE, 6 "", SS316, 150",40141604,62000
REC_1595,2,IOCL,"6 IN, GATE VALVE, CLASS 150, SS316",40141604,62000
REC_1596,2,ONGC,"GATE VALVE, 6 INCH, SS316, 150",40141604,62000
REC_1597,2,BPCL,"GATE VALVE, CL-150, 6 IN, SS316",40141604,62000
REC_1598,2,ONGC,"6 IN, CL 150, SS316, GATE VALVE",40141604,62000
REC_1599,2,BPCL,"CL-150, 6 "", SS, GATE VALVE",40141604,62000
REC_1600,2,OIL,"GATE VALVE, STAINLESS STEEL, 150, 6 """,40141604,62000
REC_1601,2,OIL,"6 IN, GATE VALVE, STAINLESS STEEL, CL 150",40141604,62000
REC_1602,2,IOCL,"CLASS 150, 6 INCH, SS, GATE VALVE",40141604,62000
REC_1603,2,IOCL,"SS, GATE VALVE, 6 IN, 150",40141604,62000
REC_1604,2,OIL,"6 "", GATE VALVE, CLASS 150, SS316",40141604,62000
REC_1605,2,BPCL,"CL-150, 6 IN, SS316, GATE VALVE",40141604,62000
REC_1606,2,ONGC,"STAINLESS STEEL, 150, GATE VALVE, 6 """,40141604,62000
REC_1607,2,IOCL,"SS316, GATE VALVE, 6 IN, CL 150",40141604,62000
REC_1608,2,ONGC,"GATE VALVE, SS, CL-150, 6 IN",40141604,62000
REC_1609,2,OIL,"6 IN, GATE VALVE, 150, SS",40141604,62000
REC_1610,2,IOCL,"150, GATE VALVE, 6 IN, STAINLESS STEEL",40141604,62000
REC_1611,2,BPCL,"SS316, GATE VALVE, CLASS 150, 6 IN",40141604,62000
REC_1612,2,OIL,"6 IN, STAINLESS STEEL, CL-150, GATE VALVE",40141604,62000
REC_1613,2,OIL,"150, SS, 6 IN, GATE VALVE",40141604,62000
REC_1614,2,ONGC,"GATE VALVE, 6 "", CL-150, SS",40141604,62000
REC_1615,2,OIL,"SS316, CL 150, GATE VALVE, 6 """,40141604,62000
REC_1616,2,OIL,"GATE VALVE, 6 INCH, STAINLESS STEEL, CL 150",40141604,62000
REC_1617,2,BPCL,"6 "", GATE VALVE, STAINLESS STEEL, CLASS 150",40141604,62000
REC_1618,2,BPCL,"GATE VALVE, CL 150, SS316, 6 IN",40141604,62000
REC_1619,2,IOCL,"SS316, GATE VALVE, 6 "", 150",40141604,62000
REC_1620,2,IOCL,"150, 6 INCH, GATE VALVE, STAINLESS STEEL",40141604,62000
REC_1621,2,IOCL,"GATE VALVE, SS, 150, 6 INCH",40141604,62000
REC_1622,2,OIL,"CL-150, GATE VALVE, STAINLESS STEEL, 6 """,40141604,62000
REC_1623,2,ONGC,"CLASS 150, STAINLESS STEEL, GATE VALVE, 6 INCH",40141604,62000
REC_1624,2,OIL,"CL-150, GATE VALVE, SS316, 6 IN",40141604,62000
REC_1625,2,BPCL,"6 "", CL 150, GATE VALVE, SS316",40141604,62000
REC_1626,2,BPCL,"6 IN, CLASS 150, GATE VALVE, STAINLESS STEEL",40141604,62000
REC_1627,2,IOCL,"150, GATE VALVE, SS, 6 IN",40141604,62000
REC_1628,2,OIL,"GATE VALVE, 6 "", SS, CLASS 150",40141604,62000
REC_1629,2,OIL,"CL-150, STAINLESS STEEL, GATE VALVE, 6 IN",40141604,62000
REC_1630,2,ONGC,"CL-150, STAINLESS STEEL, GATE VALVE, 6 """,40141604,62000
REC_1631,2,OIL,"GATE VALVE, STAINLESS STEEL, 150, 6 IN",40141604,62000
REC_1632,2,IOCL,"6 IN, CLASS 150, STAINLESS STEEL, GATE VALVE",40141604,62000
REC_1633,2,ONGC,"CLASS 150, 6 IN, SS, GATE VALVE",40141604,62000
REC_1634,2,IOCL,"CLASS 150, GATE VALVE, 6 IN, STAINLESS STEEL",40141604,62000
REC_1635,2,ONGC,"6 INCH, SS, GATE VALVE, CL-150",40141604,62000
REC_1636,2,OIL,"STAINLESS STEEL, 6 IN, 150, GATE VALVE",40141604,62000
REC_1637,2,OIL,"150, GATE VALVE, STAINLESS STEEL, 6 IN",40141604,62000
REC_1638,2,IOCL,"6 "", GATE VALVE, STAINLESS STEEL, 150",40141604,62000
REC_1639,2,ONGC,"150, SS, GATE VALVE, 6 IN",40141604,62000
REC_1640,3,OIL,"Alloy Steel, GLOBE VALVE, 2 "", 600",40141601,38000
REC_1641,3,IOCL,"GLOBE VALVE, Alloy Steel, 2 IN, 600",40141601,38000
REC_1642,3,IOCL,"Alloy Steel, GLOBE VALVE, 2 IN, CLASS 600",40141601,38000
REC_1643,3,IOCL,"CL-600, Alloy Steel, GLOBE VALVE, 2 IN",40141601,38000
REC_1644,3,BPCL,"2 "", Alloy Steel, 600, GLOBE VALVE",40141601,38000
REC_1645,3,ONGC,"GLOBE VALVE, Alloy Steel, 600, 2 IN",40141601,38000
REC_1646,3,IOCL,"Alloy Steel, 600, 2 "", GLOBE VALVE",40141601,38000
REC_1647,3,BPCL,"2 IN, GLOBE VALVE, Alloy Steel, 600",40141601,38000
REC_1648,3,OIL,"GLOBE VALVE, CL 600, 2 "", Alloy Steel",40141601,38000
REC_1649,3,BPCL,"Alloy Steel, GLOBE VALVE, 2 INCH, CLASS 600",40141601,38000
REC_1650,3,OIL,"2 INCH, GLOBE VALVE, Alloy Steel, CL 600",40141601,38000
REC_1651,3,OIL,"600, Alloy Steel, GLOBE VALVE, 2 IN",40141601,38000
REC_1652,3,BPCL,"2 INCH, 600, GLOBE VALVE, Alloy Steel",40141601,38000
REC_1653,3,BPCL,"GLOBE VALVE, Alloy Steel, CL 600, 2 INCH",40141601,38000
REC_1654,3,ONGC,"GLOBE VALVE, CL-600, Alloy Steel, 2 IN",40141601,38000
REC_1655,3,BPCL,"GLOBE VALVE, 2 IN, CL 600, Alloy Steel",40141601,38000
REC_1656,3,IOCL,"Alloy Steel, 2 IN, 600, GLOBE VALVE",40141601,38000
REC_1657,3,IOCL,"2 INCH, Alloy Steel, GLOBE VALVE, CL-600",40141601,38000
REC_1658,3,BPCL,"Alloy Steel, 600, 2 INCH, GLOBE VALVE",40141601,38000
REC_1659,3,BPCL,"Alloy Steel, 600, 2 IN, GLOBE VALVE",40141601,38000
REC_1660,3,OIL,"Alloy Steel, CL 600, GLOBE VALVE, 2 """,40141601,38000
REC_1661,3,ONGC,"CL 600, Alloy Steel, GLOBE VALVE, 2 INCH",40141601,38000
REC_1662,3,ONGC,"2 IN, CL 600, GLOBE VALVE, Alloy Steel",40141601,38000
REC_1663,3,BPCL,"2 IN, GLOBE VALVE, 600, Alloy Steel",40141601,38000
REC_1664,3,BPCL,"600, GLOBE VALVE, 2 IN, Alloy Steel",40141601,38000
REC_1665,3,BPCL,"Alloy Steel, 2 IN, CL 600, GLOBE VALVE",40141601,38000
REC_1666,3,BPCL,"600, Alloy Steel, GLOBE VALVE, 2 INCH",40141601,38000
REC_1667,3,BPCL,"Alloy Steel, CL 600, 2 INCH, GLOBE VALVE",40141601,38000
REC_1668,3,IOCL,"GLOBE VALVE, CLASS 600, Alloy Steel, 2 IN",40141601,38000
REC_1669,3,BPCL,"Alloy Steel, CL 600, GLOBE VALVE, 2 INCH",40141601,38000
REC_1670,3,IOCL,"CLASS 600, Alloy Steel, GLOBE VALVE, 2 IN",40141601,38000
REC_1671,3,BPCL,"Alloy Steel, GLOBE VALVE, 2 INCH, 600",40141601,38000
REC_1672,3,IOCL,"GLOBE VALVE, Alloy Steel, CLASS 600, 2 IN",40141601,38000
REC_1673,3,OIL,"CL 600, Alloy Steel, 2 "", GLOBE VALVE",40141601,38000
REC_1674,3,ONGC,"GLOBE VALVE, Alloy Steel, CL-600, 2 IN",40141601,38000
REC_1675,3,IOCL,"2 INCH, GLOBE VALVE, CLASS 600, Alloy Steel",40141601,38000
REC_1676,3,OIL,"Alloy Steel, GLOBE VALVE, 2 "", CLASS 600",40141601,38000
REC_1677,3,ONGC,"CL 600, 2 IN, Alloy Steel, GLOBE VALVE",40141601,38000
REC_1678,3,BPCL,"CL 600, Alloy Steel, GLOBE VALVE, 2 IN",40141601,38000
REC_1679,3,OIL,"2 IN, Alloy Steel, GLOBE VALVE, 600",40141601,38000
REC_1680,3,BPCL,"2 INCH, 600, GLOBE VALVE, Alloy Steel",40141601,38000
REC_1681,3,ONGC,"Alloy Steel, 2 IN, 600, GLOBE VALVE",40141601,38000
REC_1682,3,IOCL,"GLOBE VALVE, 2 INCH, Alloy Steel, CLASS 600",40141601,38000
REC_1683,3,ONGC,"Alloy Steel, GLOBE VALVE, CL-600, 2 IN",40141601,38000
REC_1684,3,OIL,"CL-600, Alloy Steel, GLOBE VALVE, 2 IN",40141601,38000
REC_1685,3,IOCL,"2 "", Alloy Steel, GLOBE VALVE, CLASS 600",40141601,38000
REC_1686,3,OIL,"GLOBE VALVE, Alloy Steel, CLASS 600, 2 IN",40141601,38000
REC_1687,3,ONGC,"CL-600, 2 IN, Alloy Steel, GLOBE VALVE",40141601,38000
REC_1688,3,OIL,"600, 2 INCH, Alloy Steel, GLOBE VALVE",40141601,38000
REC_1689,3,BPCL,"CL 600, GLOBE VALVE, 2 "", Alloy Steel",40141601,38000
REC_1690,3,IOCL,"2 IN, GLOBE VALVE, CL 600, Alloy Steel",40141601,38000
REC_1691,3,BPCL,"GLOBE VALVE, CLASS 600, 2 "", Alloy Steel",40141601,38000
REC_1692,3,BPCL,"600, 2 INCH, GLOBE VALVE, Alloy Steel",40141601,38000
REC_1693,3,OIL,"2 "", Alloy Steel, GLOBE VALVE, CL 600",40141601,38000
REC_1694,3,IOCL,"2 INCH, 600, GLOBE VALVE, Alloy Steel",40141601,38000
REC_1695,3,OIL,"2 IN, GLOBE VALVE, 600, Alloy Steel",40141601,38000
REC_1696,3,ONGC,"600, GLOBE VALVE, Alloy Steel, 2 IN",40141601,38000
REC_1697,3,ONGC,"Alloy Steel, CLASS 600, GLOBE VALVE, 2 IN",40141601,38000
REC_1698,3,IOCL,"GLOBE VALVE, Alloy Steel, 2 INCH, CL-600",40141601,38000
REC_1699,3,ONGC,"CLASS 600, 2 IN, GLOBE VALVE, Alloy Steel",40141601,38000
REC_1700,3,IOCL,"Alloy Steel, 2 INCH, 600, GLOBE VALVE",40141601,38000
REC_1701,3,ONGC,"GLOBE VALVE, 2 INCH, 600, Alloy Steel",40141601,38000
REC_1702,3,ONGC,"2 IN, GLOBE VALVE, CL-600, Alloy Steel",40141601,38000
REC_1703,3,BPCL,"2 "", Alloy Steel, GLOBE VALVE, CL 600",40141601,38000
REC_1704,3,ONGC,"600, Alloy Steel, GLOBE VALVE, 2 INCH",40141601,38000
REC_1705,3,IOCL,"2 "", CL-600, Alloy Steel, GLOBE VALVE",40141601,38000
REC_1706,3,IOCL,"GLOBE VALVE, Alloy Steel, CL-600, 2 IN",40141601,38000
REC_1707,3,ONGC,"600, GLOBE VALVE, 2 "", Alloy Steel",40141601,38000
REC_1708,3,IOCL,"CLASS 600, Alloy Steel, 2 INCH, GLOBE VALVE",40141601,38000
REC_1709,3,OIL,"Alloy Steel, 2 IN, GLOBE VALVE, CL-600",40141601,38000
REC_1710,3,IOCL,"CL-600, Alloy Steel, 2 IN, GLOBE VALVE",40141601,38000
REC_1711,3,IOCL,"Alloy Steel, 600, 2 "", GLOBE VALVE",40141601,38000
REC_1712,3,IOCL,"600, GLOBE VALVE, 2 "", Alloy Steel",40141601,38000
REC_1713,3,ONGC,"Alloy Steel, CL 600, GLOBE VALVE, 2 IN",40141601,38000
REC_1714,3,ONGC,"600, GLOBE VALVE, 2 "", Alloy Steel",40141601,38000
REC_1715,3,IOCL,"2 INCH, GLOBE VALVE, CL 600, Alloy Steel",40141601,38000
REC_1716,3,OIL,"Alloy Steel, 2 "", GLOBE VALVE, CL-600",40141601,38000
REC_1717,3,ONGC,"2 "", Alloy Steel, CL-600, GLOBE VALVE",40141601,38000
REC_1718,3,OIL,"2 IN, Alloy Steel, GLOBE VALVE, 600",40141601,38000
REC_1719,3,BPCL,"Alloy Steel, 2 "", CL 600, GLOBE VALVE",40141601,38000
REC_1720,3,OIL,"Alloy Steel, CL-600, 2 IN, GLOBE VALVE",40141601,38000
REC_1721,3,OIL,"Alloy Steel, CL 600, 2 IN, GLOBE VALVE",40141601,38000
REC_1722,3,IOCL,"GLOBE VALVE, Alloy Steel, CL-600, 2 """,40141601,38000
REC_1723,3,ONGC,"CL-600, Alloy Steel, GLOBE VALVE, 2 INCH",40141601,38000
REC_1724,3,BPCL,"GLOBE VALVE, CL-600, Alloy Steel, 2 """,40141601,38000
REC_1725,3,OIL,"CL 600, 2 IN, Alloy Steel, GLOBE VALVE",40141601,38000
REC_1726,3,OIL,"Alloy Steel, CL 600, GLOBE VALVE, 2 """,40141601,38000
REC_1727,3,ONGC,"GLOBE VALVE, 2 IN, CL-600, Alloy Steel",40141601,38000
REC_1728,3,ONGC,"GLOBE VALVE, CL 600, Alloy Steel, 2 IN",40141601,38000
REC_1729,3,IOCL,"CL 600, Alloy Steel, GLOBE VALVE, 2 INCH",40141601,38000
REC_1730,3,IOCL,"Alloy Steel, GLOBE VALVE, CL-600, 2 INCH",40141601,38000
REC_1731,3,OIL,"CLASS 600, Alloy Steel, GLOBE VALVE, 2 """,40141601,38000
REC_1732,3,IOCL,"GLOBE VALVE, 2 INCH, CLASS 600, Alloy Steel",40141601,38000
REC_1733,3,IOCL,"Alloy Steel, CL-600, 2 "", GLOBE VALVE",40141601,38000
REC_1734,3,IOCL,"GLOBE VALVE, 600, Alloy Steel, 2 IN",40141601,38000
REC_1735,3,OIL,"Alloy Steel, 2 "", GLOBE VALVE, CL 600",40141601,38000
REC_1736,3,OIL,"2 "", Alloy Steel, GLOBE VALVE, CLASS 600",40141601,38000
REC_1737,3,ONGC,"GLOBE VALVE, CL-600, Alloy Steel, 2 IN",40141601,38000
REC_1738,3,BPCL,"Alloy Steel, CL 600, 2 IN, GLOBE VALVE",40141601,38000
REC_1739,3,IOCL,"Alloy Steel, GLOBE VALVE, CL-600, 2 IN",40141601,38000
REC_1740,3,OIL,"GLOBE VALVE, Alloy Steel, 2 IN, CLASS 600",40141601,38000
REC_1741,3,IOCL,"2 IN, GLOBE VALVE, Alloy Steel, CL-600",40141601,38000
REC_1742,3,OIL,"CL 600, Alloy Steel, 2 "", GLOBE VALVE",40141601,38000
REC_1743,3,ONGC,"CL-600, 2 "", Alloy Steel, GLOBE VALVE",40141601,38000
REC_1744,3,OIL,"Alloy Steel, 2 IN, CL-600, GLOBE VALVE",40141601,38000
REC_1745,3,BPCL,"Alloy Steel, 2 IN, GLOBE VALVE, CL 600",40141601,38000
REC_1746,3,OIL,"CL 600, Alloy Steel, 2 INCH, GLOBE VALVE",40141601,38000
REC_1747,3,IOCL,"CL-600, 2 INCH, Alloy Steel, GLOBE VALVE",40141601,38000
REC_1748,3,IOCL,"2 INCH, GLOBE VALVE, Alloy Steel, CLASS 600",40141601,38000
REC_1749,3,BPCL,"Alloy Steel, CL 600, GLOBE VALVE, 2 INCH",40141601,38000
REC_1750,3,OIL,"GLOBE VALVE, Alloy Steel, CL-600, 2 """,40141601,38000
REC_1751,3,BPCL,"GLOBE VALVE, CL 600, 2 IN, Alloy Steel",40141601,38000
REC_1752,3,IOCL,"2 IN, GLOBE VALVE, 600, Alloy Steel",40141601,38000
REC_1753,3,OIL,"2 IN, CLASS 600, GLOBE VALVE, Alloy Steel",40141601,38000
REC_1754,3,OIL,"CL-600, Alloy Steel, GLOBE VALVE, 2 INCH",40141601,38000
REC_1755,3,BPCL,"GLOBE VALVE, CL-600, 2 IN, Alloy Steel",40141601,38000
REC_1756,3,IOCL,"GLOBE VALVE, CL 600, 2 INCH, Alloy Steel",40141601,38000
REC_1757,3,BPCL,"2 IN, GLOBE VALVE, CLASS 600, Alloy Steel",40141601,38000
REC_1758,3,BPCL,"2 IN, CLASS 600, GLOBE VALVE, Alloy Steel",40141601,38000
REC_1759,3,BPCL,"2 INCH, CL-600, GLOBE VALVE, Alloy Steel",40141601,38000
REC_1760,3,OIL,"GLOBE VALVE, Alloy Steel, CL 600, 2 IN",40141601,38000
REC_1761,3,BPCL,"CL 600, GLOBE VALVE, 2 IN, Alloy Steel",40141601,38000
REC_1762,3,BPCL,"600, Alloy Steel, 2 IN, GLOBE VALVE",40141601,38000
REC_1763,3,OIL,"GLOBE VALVE, 2 IN, CL 600, Alloy Steel",40141601,38000
REC_1764,3,ONGC,"Alloy Steel, GLOBE VALVE, 2 INCH, CL-600",40141601,38000
REC_1765,3,ONGC,"Alloy Steel, CL 600, 2 "", GLOBE VALVE",40141601,38000
REC_1766,3,ONGC,"CL 600, GLOBE VALVE, Alloy Steel, 2 INCH",40141601,38000
REC_1767,3,BPCL,"CLASS 600, 2 IN, Alloy Steel, GLOBE VALVE",40141601,38000
REC_1768,3,OIL,"CL 600, GLOBE VALVE, 2 IN, Alloy Steel",40141601,38000
REC_1769,3,ONGC,"GLOBE VALVE, CL 600, 2 INCH, Alloy Steel",40141601,38000
REC_1770,3,ONGC,"GLOBE VALVE, Alloy Steel, 2 "", CLASS 600",40141601,38000
REC_1771,3,OIL,"2 IN, Alloy Steel, CL-600, GLOBE VALVE",40141601,38000
REC_1772,3,BPCL,"2 IN, Alloy Steel, GLOBE VALVE, CL 600",40141601,38000
REC_1773,3,ONGC,"CLASS 600, Alloy Steel, GLOBE VALVE, 2 INCH",40141601,38000
REC_1774,3,ONGC,"GLOBE VALVE, CL 600, 2 INCH, Alloy Steel",40141601,38000
REC_1775,3,OIL,"Alloy Steel, 2 "", GLOBE VALVE, 600",40141601,38000
REC_1776,3,ONGC,"CL-600, Alloy Steel, 2 IN, GLOBE VALVE",40141601,38000
REC_1777,3,IOCL,"2 INCH, GLOBE VALVE, Alloy Steel, CLASS 600",40141601,38000
REC_1778,3,BPCL,"CL 600, GLOBE VALVE, 2 "", Alloy Steel",40141601,38000
REC_1779,3,BPCL,"600, 2 IN, GLOBE VALVE, Alloy Steel",40141601,38000
REC_1780,3,BPCL,"GLOBE VALVE, CL-600, Alloy Steel, 2 """,40141601,38000
REC_1781,3,BPCL,"2 INCH, 600, GLOBE VALVE, Alloy Steel",40141601,38000
REC_1782,3,OIL,"CLASS 600, Alloy Steel, GLOBE VALVE, 2 INCH",40141601,38000
REC_1783,3,OIL,"2 IN, Alloy Steel, GLOBE VALVE, CL 600",40141601,38000
REC_1784,3,OIL,"600, 2 "", GLOBE VALVE, Alloy Steel",40141601,38000
REC_1785,3,BPCL,"2 IN, Alloy Steel, CL 600, GLOBE VALVE",40141601,38000
REC_1786,3,OIL,"Alloy Steel, CL-600, 2 IN, GLOBE VALVE",40141601,38000
REC_1787,3,IOCL,"2 "", Alloy Steel, CL 600, GLOBE VALVE",40141601,38000
REC_1788,3,ONGC,"2 "", Alloy Steel, CL 600, GLOBE VALVE",40141601,38000
REC_1789,3,OIL,"Alloy Steel, 2 IN, 600, GLOBE VALVE",40141601,38000
REC_1790,3,BPCL,"2 INCH, Alloy Steel, CL-600, GLOBE VALVE",40141601,38000
REC_1791,3,OIL,"Alloy Steel, 2 IN, CL 600, GLOBE VALVE",40141601,38000
REC_1792,3,BPCL,"GLOBE VALVE, CL 600, 2 IN, Alloy Steel",40141601,38000
REC_1793,3,OIL,"2 IN, Alloy Steel, GLOBE VALVE, 600",40141601,38000
REC_1794,3,ONGC,"CL 600, GLOBE VALVE, 2 INCH, Alloy Steel",40141601,38000
REC_1795,3,ONGC,"Alloy Steel, 2 INCH, GLOBE VALVE, 600",40141601,38000
REC_1796,3,BPCL,"2 IN, CLASS 600, GLOBE VALVE, Alloy Steel",40141601,38000
REC_1797,3,ONGC,"GLOBE VALVE, Alloy Steel, CL 600, 2 """,40141601,38000
REC_1798,3,IOCL,"GLOBE VALVE, CL-600, Alloy Steel, 2 IN",40141601,38000
REC_1799,3,IOCL,"GLOBE VALVE, 2 IN, CLASS 600, Alloy Steel",40141601,38000
REC_1800,3,BPCL,"CLASS 600, 2 IN, GLOBE VALVE, Alloy Steel",40141601,38000
REC_1801,3,IOCL,"CLASS 600, Alloy Steel, GLOBE VALVE, 2 """,40141601,38000
REC_1802,3,IOCL,"GLOBE VALVE, 2 "", Alloy Steel, CL 600",40141601,38000
REC_1803,3,OIL,"Alloy Steel, GLOBE VALVE, 2 INCH, CL 600",40141601,38000
REC_1804,3,BPCL,"2 IN, GLOBE VALVE, 600, Alloy Steel",40141601,38000
REC_1805,3,IOCL,"GLOBE VALVE, Alloy Steel, 2 IN, CLASS 600",40141601,38000
REC_1806,3,IOCL,"GLOBE VALVE, Alloy Steel, 600, 2 """,40141601,38000
REC_1807,3,OIL,"GLOBE VALVE, 2 INCH, Alloy Steel, CLASS 600",40141601,38000
REC_1808,3,ONGC,"GLOBE VALVE, 2 IN, Alloy Steel, CLASS 600",40141601,38000
REC_1809,3,BPCL,"Alloy Steel, 2 INCH, CL 600, GLOBE VALVE",40141601,38000
REC_1810,3,BPCL,"GLOBE VALVE, Alloy Steel, 2 "", CLASS 600",40141601,38000
REC_1811,3,ONGC,"GLOBE VALVE, CL-600, Alloy Steel, 2 INCH",40141601,38000
REC_1812,3,IOCL,"600, 2 "", Alloy Steel, GLOBE VALVE",40141601,38000
REC_1813,3,IOCL,"CLASS 600, 2 IN, Alloy Steel, GLOBE VALVE",40141601,38000
REC_1814,3,IOCL,"Alloy Steel, CLASS 600, 2 INCH, GLOBE VALVE",40141601,38000
REC_1815,3,OIL,"GLOBE VALVE, 600, 2 INCH, Alloy Steel",40141601,38000
REC_1816,3,OIL,"CL-600, 2 IN, GLOBE VALVE, Alloy Steel",40141601,38000
REC_1817,3,ONGC,"CL 600, 2 IN, Alloy Steel, GLOBE VALVE",40141601,38000
REC_1818,3,BPCL,"Alloy Steel, GLOBE VALVE, CLASS 600, 2 """,40141601,38000
REC_1819,3,BPCL,"GLOBE VALVE, Alloy Steel, 2 INCH, 600",40141601,38000
REC_1820,3,ONGC,"Alloy Steel, 2 IN, GLOBE VALVE, CL-600",40141601,38000
REC_1821,3,BPCL,"GLOBE VALVE, Alloy Steel, CL 600, 2 IN",40141601,38000
REC_1822,3,OIL,"Alloy Steel, GLOBE VALVE, 2 IN, 600",40141601,38000
REC_1823,3,OIL,"Alloy Steel, GLOBE VALVE, CL-600, 2 IN",40141601,38000
REC_1824,3,IOCL,"GLOBE VALVE, Alloy Steel, 2 IN, CL-600",40141601,38000
REC_1825,3,ONGC,"600, Alloy Steel, 2 "", GLOBE VALVE",40141601,38000
REC_1826,3,OIL,"CL 600, Alloy Steel, 2 "", GLOBE VALVE",40141601,38000
REC_1827,3,IOCL,"CL 600, Alloy Steel, GLOBE VALVE, 2 IN",40141601,38000
REC_1828,3,IOCL,"CL-600, Alloy Steel, 2 INCH, GLOBE VALVE",40141601,38000
REC_1829,3,ONGC,"Alloy Steel, CL-600, GLOBE VALVE, 2 IN",40141601,38000
REC_1830,3,ONGC,"2 IN, GLOBE VALVE, CL 600, Alloy Steel",40141601,38000
REC_1831,3,BPCL,"GLOBE VALVE, Alloy Steel, CL-600, 2 IN",40141601,38000
REC_1832,3,BPCL,"2 INCH, CL 600, Alloy Steel, GLOBE VALVE",40141601,38000
REC_1833,3,BPCL,"2 IN, 600, Alloy Steel, GLOBE VALVE",40141601,38000
REC_1834,3,ONGC,"Alloy Steel, 2 IN, 600, GLOBE VALVE",40141601,38000
REC_1835,3,OIL,"Alloy Steel, 2 IN, GLOBE VALVE, 600",40141601,38000
REC_1836,3,IOCL,"2 IN, Alloy Steel, GLOBE VALVE, CLASS 600",40141601,38000
REC_1837,3,BPCL,"2 "", Alloy Steel, 600, GLOBE VALVE",40141601,38000
REC_1838,3,ONGC,"CL-600, GLOBE VALVE, 2 IN, Alloy Steel",40141601,38000
REC_1839,3,IOCL,"GLOBE VALVE, Alloy Steel, 2 IN, CL-600",40141601,38000
REC_1840,3,ONGC,"Alloy Steel, 600, GLOBE VALVE, 2 IN",40141601,38000
REC_1841,3,BPCL,"2 IN, CL-600, Alloy Steel, GLOBE VALVE",40141601,38000
REC_1842,3,IOCL,"GLOBE VALVE, 2 IN, Alloy Steel, CL-600",40141601,38000
REC_1843,3,BPCL,"Alloy Steel, 2 IN, CL-600, GLOBE VALVE",40141601,38000
REC_1844,3,ONGC,"GLOBE VALVE, CL-600, 2 IN, Alloy Steel",40141601,38000
REC_1845,3,ONGC,"Alloy Steel, GLOBE VALVE, CL-600, 2 IN",40141601,38000
REC_1846,3,ONGC,"Alloy Steel, 2 IN, GLOBE VALVE, 600",40141601,38000
REC_1847,3,ONGC,"2 "", GLOBE VALVE, Alloy Steel, CL-600",40141601,38000
REC_1848,3,ONGC,"2 IN, 600, Alloy Steel, GLOBE VALVE",40141601,38000
REC_1849,3,IOCL,"Alloy Steel, 2 INCH, 600, GLOBE VALVE",40141601,38000
REC_1850,3,ONGC,"2 INCH, 600, Alloy Steel, GLOBE VALVE",40141601,38000
REC_1851,3,BPCL,"Alloy Steel, 600, GLOBE VALVE, 2 IN",40141601,38000
REC_1852,3,ONGC,"GLOBE VALVE, Alloy Steel, 600, 2 IN",40141601,38000
REC_1853,3,BPCL,"600, GLOBE VALVE, 2 IN, Alloy Steel",40141601,38000
REC_1854,3,BPCL,"CLASS 600, Alloy Steel, GLOBE VALVE, 2 IN",40141601,38000
REC_1855,3,OIL,"Alloy Steel, GLOBE VALVE, 2 IN, 600",40141601,38000
REC_1856,3,ONGC,"2 "", Alloy Steel, GLOBE VALVE, CLASS 600",40141601,38000
REC_1857,3,IOCL,"GLOBE VALVE, 600, Alloy Steel, 2 INCH",40141601,38000
REC_1858,3,OIL,"Alloy Steel, 2 "", CL-600, GLOBE VALVE",40141601,38000
REC_1859,3,IOCL,"2 INCH, GLOBE VALVE, CL 600, Alloy Steel",40141601,38000
REC_1860,3,BPCL,"GLOBE VALVE, Alloy Steel, 2 IN, CLASS 600",40141601,38000
REC_1861,3,IOCL,"CLASS 600, Alloy Steel, GLOBE VALVE, 2 INCH",40141601,38000
REC_1862,3,BPCL,"Alloy Steel, 2 INCH, GLOBE VALVE, CL 600",40141601,38000
REC_1863,3,BPCL,"Alloy Steel, CL 600, GLOBE VALVE, 2 IN",40141601,38000
REC_1864,3,ONGC,"GLOBE VALVE, CL-600, 2 INCH, Alloy Steel",40141601,38000
REC_1865,3,BPCL,"GLOBE VALVE, Alloy Steel, CL 600, 2 IN",40141601,38000
REC_1866,3,ONGC,"Alloy Steel, GLOBE VALVE, 2 IN, CLASS 600",40141601,38000
REC_1867,3,ONGC,"600, GLOBE VALVE, Alloy Steel, 2 IN",40141601,38000
REC_1868,3,ONGC,"Alloy Steel, GLOBE VALVE, 2 "", CLASS 600",40141601,38000
REC_1869,3,OIL,"2 INCH, CLASS 600, Alloy Steel, GLOBE VALVE",40141601,38000
REC_1870,3,IOCL,"GLOBE VALVE, 2 "", Alloy Steel, CLASS 600",40141601,38000
REC_1871,3,BPCL,"2 INCH, Alloy Steel, GLOBE VALVE, CL 600",40141601,38000
REC_1872,3,ONGC,"GLOBE VALVE, 2 "", Alloy Steel, 600",40141601,38000
REC_1873,3,BPCL,"2 INCH, GLOBE VALVE, CL-600, Alloy Steel",40141601,38000
REC_1874,3,ONGC,"GLOBE VALVE, CL 600, Alloy Steel, 2 """,40141601,38000
REC_1875,3,ONGC,"GLOBE VALVE, 2 IN, CLASS 600, Alloy Steel",40141601,38000
REC_1876,3,BPCL,"2 "", Alloy Steel, CL 600, GLOBE VALVE",40141601,38000
REC_1877,3,IOCL,"Alloy Steel, GLOBE VALVE, CL-600, 2 IN",40141601,38000
REC_1878,3,IOCL,"2 INCH, Alloy Steel, CLASS 600, GLOBE VALVE",40141601,38000
REC_1879,3,OIL,"Alloy Steel, CL 600, GLOBE VALVE, 2 IN",40141601,38000
REC_1880,3,ONGC,"GLOBE VALVE, Alloy Steel, 2 "", CL 600",40141601,38000
REC_1881,3,BPCL,"2 "", Alloy Steel, GLOBE VALVE, CLASS 600",40141601,38000
REC_1882,3,IOCL,"Alloy Steel, GLOBE VALVE, 2 IN, CL 600",40141601,38000
REC_1883,3,ONGC,"Alloy Steel, GLOBE VALVE, CLASS 600, 2 INCH",40141601,38000
REC_1884,3,ONGC,"GLOBE VALVE, 2 INCH, CL-600, Alloy Steel",40141601,38000
REC_1885,3,OIL,"CLASS 600, GLOBE VALVE, 2 INCH, Alloy Steel",40141601,38000
REC_1886,3,OIL,"2 INCH, Alloy Steel, GLOBE VALVE, CL 600",40141601,38000
REC_1887,3,OIL,"Alloy Steel, GLOBE VALVE, 2 IN, CL 600",40141601,38000
REC_1888,3,OIL,"600, Alloy Steel, GLOBE VALVE, 2 """,40141601,38000
REC_1889,3,IOCL,"GLOBE VALVE, Alloy Steel, CL-600, 2 INCH",40141601,38000
REC_1890,3,BPCL,"2 INCH, 600, Alloy Steel, GLOBE VALVE",40141601,38000
REC_1891,3,ONGC,"2 IN, CL 600, Alloy Steel, GLOBE VALVE",40141601,38000
REC_1892,3,OIL,"GLOBE VALVE, 2 "", CL-600, Alloy Steel",40141601,38000
REC_1893,3,ONGC,"600, Alloy Steel, GLOBE VALVE, 2 """,40141601,38000
REC_1894,3,ONGC,"2 IN, GLOBE VALVE, CLASS 600, Alloy Steel",40141601,38000
REC_1895,3,IOCL,"Alloy Steel, CLASS 600, GLOBE VALVE, 2 INCH",40141601,38000
REC_1896,3,OIL,"CLASS 600, 2 IN, GLOBE VALVE, Alloy Steel",40141601,38000
REC_1897,3,OIL,"GLOBE VALVE, CL 600, 2 "", Alloy Steel",40141601,38000
REC_1898,3,OIL,"CL 600, GLOBE VALVE, Alloy Steel, 2 IN",40141601,38000
REC_1899,3,BPCL,"600, GLOBE VALVE, 2 IN, Alloy Steel",40141601,38000
REC_1900,3,BPCL,"GLOBE VALVE, CLASS 600, Alloy Steel, 2 IN",40141601,38000
REC_1901,3,BPCL,"CL 600, GLOBE VALVE, 2 IN, Alloy Steel",40141601,38000
REC_1902,3,BPCL,"2 IN, GLOBE VALVE, 600, Alloy Steel",40141601,38000
REC_1903,3,IOCL,"GLOBE VALVE, 2 "", 600, Alloy Steel",40141601,38000
REC_1904,3,IOCL,"2 "", 600, Alloy Steel, GLOBE VALVE",40141601,38000
REC_1905,3,ONGC,"2 INCH, CL 600, GLOBE VALVE, Alloy Steel",40141601,38000
REC_1906,3,BPCL,"2 INCH, GLOBE VALVE, Alloy Steel, CL-600",40141601,38000
REC_1907,3,IOCL,"2 INCH, Alloy Steel, GLOBE VALVE, CL-600",40141601,38000
REC_1908,3,ONGC,"Alloy Steel, GLOBE VALVE, CL 600, 2 IN",40141601,38000
REC_1909,3,ONGC,"GLOBE VALVE, Alloy Steel, 2 "", CLASS 600",40141601,38000
REC_1910,3,ONGC,"CLASS 600, GLOBE VALVE, Alloy Steel, 2 IN",40141601,38000
REC_1911,3,ONGC,"GLOBE VALVE, Alloy Steel, CL 600, 2 IN",40141601,38000
REC_1912,3,IOCL,"2 IN, Alloy Steel, GLOBE VALVE, CL 600",40141601,38000
REC_1913,3,BPCL,"GLOBE VALVE, CL-600, 2 INCH, Alloy Steel",40141601,38000
REC_1914,3,BPCL,"Alloy Steel, 2 INCH, GLOBE VALVE, CL-600",40141601,38000
REC_1915,3,BPCL,"CLASS 600, 2 IN, Alloy Steel, GLOBE VALVE",40141601,38000
REC_1916,3,IOCL,"GLOBE VALVE, Alloy Steel, 2 "", 600",40141601,38000
REC_1917,3,ONGC,"Alloy Steel, 2 IN, GLOBE VALVE, CLASS 600",40141601,38000
REC_1918,3,IOCL,"CLASS 600, 2 IN, Alloy Steel, GLOBE VALVE",40141601,38000
REC_1919,3,BPCL,"2 "", GLOBE VALVE, CL 600, Alloy Steel",40141601,38000
REC_1920,3,IOCL,"Alloy Steel, GLOBE VALVE, CL 600, 2 IN",40141601,38000
REC_1921,3,IOCL,"Alloy Steel, 2 IN, GLOBE VALVE, CL-600",40141601,38000
REC_1922,3,ONGC,"Alloy Steel, GLOBE VALVE, 600, 2 """,40141601,38000
REC_1923,3,BPCL,"Alloy Steel, GLOBE VALVE, CL 600, 2 IN",40141601,38000
REC_1924,3,OIL,"Alloy Steel, 600, GLOBE VALVE, 2 INCH",40141601,38000
REC_1925,3,OIL,"Alloy Steel, 600, 2 "", GLOBE VALVE",40141601,38000
REC_1926,3,ONGC,"CL 600, Alloy Steel, GLOBE VALVE, 2 INCH",40141601,38000
REC_1927,3,ONGC,"GLOBE VALVE, 2 IN, Alloy Steel, CL 600",40141601,38000
REC_1928,3,IOCL,"2 IN, GLOBE VALVE, CL-600, Alloy Steel",40141601,38000
REC_1929,3,OIL,"2 IN, CLASS 600, Alloy Steel, GLOBE VALVE",40141601,38000
REC_1930,3,OIL,"GLOBE VALVE, 2 INCH, Alloy Steel, CL-600",40141601,38000
REC_1931,3,IOCL,"600, Alloy Steel, GLOBE VALVE, 2 """,40141601,38000
REC_1932,3,ONGC,"GLOBE VALVE, CLASS 600, Alloy Steel, 2 INCH",40141601,38000
REC_1933,3,IOCL,"Alloy Steel, CL 600, 2 IN, GLOBE VALVE",40141601,38000
REC_1934,3,OIL,"GLOBE VALVE, 2 INCH, 600, Alloy Steel",40141601,38000
REC_1935,3,ONGC,"GLOBE VALVE, Alloy Steel, 600, 2 INCH",40141601,38000
REC_1936,3,IOCL,"2 IN, CLASS 600, Alloy Steel, GLOBE VALVE",40141601,38000
REC_1937,3,ONGC,"2 IN, CL 600, Alloy Steel, GLOBE VALVE",40141601,38000
REC_1938,3,ONGC,"600, GLOBE VALVE, Alloy Steel, 2 """,40141601,38000
REC_1939,3,IOCL,"CLASS 600, GLOBE VALVE, Alloy Steel, 2 IN",40141601,38000
REC_1940,3,BPCL,"Alloy Steel, 600, GLOBE VALVE, 2 INCH",40141601,38000
REC_1941,3,BPCL,"GLOBE VALVE, CL-600, Alloy Steel, 2 """,40141601,38000
REC_1942,3,IOCL,"CLASS 600, GLOBE VALVE, Alloy Steel, 2 INCH",40141601,38000
REC_1943,3,IOCL,"GLOBE VALVE, CL-600, Alloy Steel, 2 IN",40141601,38000
REC_1944,3,OIL,"Alloy Steel, 2 "", GLOBE VALVE, 600",40141601,38000
REC_1945,3,IOCL,"GLOBE VALVE, Alloy Steel, 2 INCH, 600",40141601,38000
REC_1946,3,IOCL,"Alloy Steel, GLOBE VALVE, 2 IN, CLASS 600",40141601,38000
REC_1947,3,ONGC,"GLOBE VALVE, CL 600, Alloy Steel, 2 IN",40141601,38000
REC_1948,3,IOCL,"2 IN, 600, Alloy Steel, GLOBE VALVE",40141601,38000
REC_1949,3,IOCL,"Alloy Steel, 600, GLOBE VALVE, 2 IN",40141601,38000
REC_1950,3,OIL,"Alloy Steel, 2 INCH, GLOBE VALVE, CL-600",40141601,38000
REC_1951,3,IOCL,"2 "", Alloy Steel, CLASS 600, GLOBE VALVE",40141601,38000
REC_1952,3,ONGC,"2 "", CLASS 600, Alloy Steel, GLOBE VALVE",40141601,38000
REC_1953,3,IOCL,"2 INCH, Alloy Steel, GLOBE VALVE, CL 600",40141601,38000
REC_1954,3,ONGC,"CL 600, Alloy Steel, 2 IN, GLOBE VALVE",40141601,38000
REC_1955,3,OIL,"CL 600, GLOBE VALVE, Alloy Steel, 2 """,40141601,38000
REC_1956,3,BPCL,"CLASS 600, Alloy Steel, GLOBE VALVE, 2 INCH",40141601,38000
REC_1957,3,IOCL,"CLASS 600, GLOBE VALVE, 2 IN, Alloy Steel",40141601,38000
REC_1958,3,OIL,"2 IN, 600, GLOBE VALVE, Alloy Steel",40141601,38000
REC_1959,3,IOCL,"2 IN, CL 600, GLOBE VALVE, Alloy Steel",40141601,38000
REC_1960,4,OIL,"BUTTERFLY VALVE, 8 "", Cast Iron, PN16",40141615,28000
REC_1961,4,BPCL,"Cast Iron, 8 INCH, BUTTERFLY VALVE, PN16",40141615,28000
REC_1962,4,OIL,"Cast Iron, PN16, BUTTERFLY VALVE, 8 """,40141615,28000
REC_1963,4,BPCL,"8 IN, PN16, BUTTERFLY VALVE, Cast Iron",40141615,28000
REC_1964,4,BPCL,"Cast Iron, 8 "", BUTTERFLY VALVE, PN16",40141615,28000
REC_1965,4,IOCL,"Cast Iron, BUTTERFLY VALVE, PN16, 8 """,40141615,28000
REC_1966,4,BPCL,"8 IN, PN16, BUTTERFLY VALVE, Cast Iron",40141615,28000
REC_1967,4,OIL,"PN16, BUTTERFLY VALVE, 8 IN, Cast Iron",40141615,28000
REC_1968,4,BPCL,"8 INCH, Cast Iron, PN16, BUTTERFLY VALVE",40141615,28000
REC_1969,4,OIL,"BUTTERFLY VALVE, PN16, 8 IN, Cast Iron",40141615,28000
REC_1970,4,OIL,"PN16, 8 "", BUTTERFLY VALVE, Cast Iron",40141615,28000
REC_1971,4,OIL,"8 "", Cast Iron, BUTTERFLY VALVE, PN16",40141615,28000
REC_1972,4,ONGC,"BUTTERFLY VALVE, PN16, 8 "", Cast Iron",40141615,28000
REC_1973,4,OIL,"BUTTERFLY VALVE, Cast Iron, 8 INCH, PN16",40141615,28000
REC_1974,4,ONGC,"Cast Iron, BUTTERFLY VALVE, PN16, 8 """,40141615,28000
REC_1975,4,BPCL,"8 IN, BUTTERFLY VALVE, PN16, Cast Iron",40141615,28000
REC_1976,4,OIL,"PN16, Cast Iron, 8 "", BUTTERFLY VALVE",40141615,28000
REC_1977,4,ONGC,"BUTTERFLY VALVE, Cast Iron, 8 IN, PN16",40141615,28000
REC_1978,4,ONGC,"Cast Iron, PN16, 8 "", BUTTERFLY VALVE",40141615,28000
REC_1979,4,BPCL,"Cast Iron, PN16, 8 "", BUTTERFLY VALVE",40141615,28000
REC_1980,4,OIL,"BUTTERFLY VALVE, 8 INCH, PN16, Cast Iron",40141615,28000
REC_1981,4,OIL,"BUTTERFLY VALVE, PN16, 8 IN, Cast Iron",40141615,28000
REC_1982,4,ONGC,"Cast Iron, BUTTERFLY VALVE, PN16, 8 IN",40141615,28000
REC_1983,4,OIL,"Cast Iron, BUTTERFLY VALVE, 8 IN, PN16",40141615,28000
REC_1984,4,BPCL,"Cast Iron, BUTTERFLY VALVE, 8 IN, PN16",40141615,28000
REC_1985,4,BPCL,"PN16, Cast Iron, 8 IN, BUTTERFLY VALVE",40141615,28000
REC_1986,4,BPCL,"PN16, BUTTERFLY VALVE, 8 IN, Cast Iron",40141615,28000
REC_1987,4,IOCL,"Cast Iron, BUTTERFLY VALVE, PN16, 8 IN",40141615,28000
REC_1988,4,ONGC,"BUTTERFLY VALVE, 8 IN, Cast Iron, PN16",40141615,28000
REC_1989,4,IOCL,"8 IN, Cast Iron, BUTTERFLY VALVE, PN16",40141615,28000
REC_1990,4,OIL,"8 "", BUTTERFLY VALVE, PN16, Cast Iron",40141615,28000
REC_1991,4,ONGC,"BUTTERFLY VALVE, PN16, 8 "", Cast Iron",40141615,28000
REC_1992,4,OIL,"Cast Iron, PN16, 8 "", BUTTERFLY VALVE",40141615,28000
REC_1993,4,OIL,"8 IN, BUTTERFLY VALVE, PN16, Cast Iron",40141615,28000
REC_1994,4,ONGC,"Cast Iron, PN16, 8 INCH, BUTTERFLY VALVE",40141615,28000
REC_1995,4,BPCL,"PN16, Cast Iron, 8 IN, BUTTERFLY VALVE",40141615,28000
REC_1996,4,BPCL,"Cast Iron, PN16, BUTTERFLY VALVE, 8 INCH",40141615,28000
REC_1997,4,ONGC,"8 IN, Cast Iron, PN16, BUTTERFLY VALVE",40141615,28000
REC_1998,4,BPCL,"8 INCH, BUTTERFLY VALVE, Cast Iron, PN16",40141615,28000
REC_1999,4,BPCL,"Cast Iron, 8 "", BUTTERFLY VALVE, PN16",40141615,28000
REC_2000,4,OIL,"BUTTERFLY VALVE, Cast Iron, 8 "", PN16",40141615,28000
REC_2001,4,ONGC,"8 IN, PN16, Cast Iron, BUTTERFLY VALVE",40141615,28000
REC_2002,4,BPCL,"BUTTERFLY VALVE, PN16, Cast Iron, 8 IN",40141615,28000
REC_2003,4,OIL,"Cast Iron, 8 IN, PN16, BUTTERFLY VALVE",40141615,28000
REC_2004,4,IOCL,"PN16, 8 IN, BUTTERFLY VALVE, Cast Iron",40141615,28000
REC_2005,4,BPCL,"Cast Iron, BUTTERFLY VALVE, PN16, 8 IN",40141615,28000
REC_2006,4,IOCL,"Cast Iron, 8 IN, PN16, BUTTERFLY VALVE",40141615,28000
REC_2007,4,OIL,"Cast Iron, PN16, 8 IN, BUTTERFLY VALVE",40141615,28000
REC_2008,4,IOCL,"8 INCH, PN16, Cast Iron, BUTTERFLY VALVE",40141615,28000
REC_2009,4,OIL,"8 "", BUTTERFLY VALVE, PN16, Cast Iron",40141615,28000
REC_2010,4,OIL,"PN16, Cast Iron, 8 IN, BUTTERFLY VALVE",40141615,28000
REC_2011,4,OIL,"Cast Iron, 8 "", BUTTERFLY VALVE, PN16",40141615,28000
REC_2012,4,OIL,"Cast Iron, 8 "", PN16, BUTTERFLY VALVE",40141615,28000
REC_2013,4,BPCL,"PN16, 8 IN, Cast Iron, BUTTERFLY VALVE",40141615,28000
REC_2014,4,ONGC,"Cast Iron, 8 IN, BUTTERFLY VALVE, PN16",40141615,28000
REC_2015,4,IOCL,"8 IN, Cast Iron, PN16, BUTTERFLY VALVE",40141615,28000
REC_2016,4,IOCL,"8 INCH, Cast Iron, PN16, BUTTERFLY VALVE",40141615,28000
REC_2017,4,BPCL,"PN16, BUTTERFLY VALVE, Cast Iron, 8 IN",40141615,28000
REC_2018,4,OIL,"8 IN, BUTTERFLY VALVE, PN16, Cast Iron",40141615,28000
REC_2019,4,ONGC,"PN16, Cast Iron, BUTTERFLY VALVE, 8 INCH",40141615,28000
REC_2020,4,OIL,"8 IN, BUTTERFLY VALVE, Cast Iron, PN16",40141615,28000
REC_2021,4,IOCL,"PN16, Cast Iron, BUTTERFLY VALVE, 8 IN",40141615,28000
REC_2022,4,IOCL,"PN16, Cast Iron, 8 IN, BUTTERFLY VALVE",40141615,28000
REC_2023,4,BPCL,"PN16, BUTTERFLY VALVE, Cast Iron, 8 IN",40141615,28000
REC_2024,4,BPCL,"Cast Iron, 8 INCH, BUTTERFLY VALVE, PN16",40141615,28000
REC_2025,4,ONGC,"Cast Iron, 8 IN, BUTTERFLY VALVE, PN16",40141615,28000
REC_2026,4,IOCL,"PN16, BUTTERFLY VALVE, Cast Iron, 8 IN",40141615,28000
REC_2027,4,BPCL,"BUTTERFLY VALVE, 8 IN, Cast Iron, PN16",40141615,28000
REC_2028,4,IOCL,"PN16, Cast Iron, BUTTERFLY VALVE, 8 INCH",40141615,28000
REC_2029,4,IOCL,"BUTTERFLY VALVE, PN16, 8 INCH, Cast Iron",40141615,28000
REC_2030,4,BPCL,"Cast Iron, PN16, BUTTERFLY VALVE, 8 """,40141615,28000
REC_2031,4,BPCL,"8 INCH, BUTTERFLY VALVE, PN16, Cast Iron",40141615,28000
REC_2032,4,ONGC,"Cast Iron, PN16, 8 IN, BUTTERFLY VALVE",40141615,28000
REC_2033,4,OIL,"PN16, BUTTERFLY VALVE, Cast Iron, 8 INCH",40141615,28000
REC_2034,4,IOCL,"8 "", PN16, Cast Iron, BUTTERFLY VALVE",40141615,28000
REC_2035,4,ONGC,"BUTTERFLY VALVE, 8 IN, Cast Iron, PN16",40141615,28000
REC_2036,4,ONGC,"8 "", BUTTERFLY VALVE, PN16, Cast Iron",40141615,28000
REC_2037,4,ONGC,"Cast Iron, 8 INCH, PN16, BUTTERFLY VALVE",40141615,28000
REC_2038,4,ONGC,"8 INCH, PN16, BUTTERFLY VALVE, Cast Iron",40141615,28000
REC_2039,4,OIL,"PN16, Cast Iron, BUTTERFLY VALVE, 8 IN",40141615,28000
REC_2040,4,IOCL,"8 IN, PN16, Cast Iron, BUTTERFLY VALVE",40141615,28000
REC_2041,4,IOCL,"Cast Iron, PN16, 8 INCH, BUTTERFLY VALVE",40141615,28000
REC_2042,4,OIL,"Cast Iron, PN16, 8 IN, BUTTERFLY VALVE",40141615,28000
REC_2043,4,IOCL,"BUTTERFLY VALVE, PN16, 8 "", Cast Iron",40141615,28000
REC_2044,4,BPCL,"BUTTERFLY VALVE, Cast Iron, PN16, 8 IN",40141615,28000
REC_2045,4,ONGC,"BUTTERFLY VALVE, 8 "", Cast Iron, PN16",40141615,28000
REC_2046,4,OIL,"BUTTERFLY VALVE, Cast Iron, PN16, 8 """,40141615,28000
REC_2047,4,ONGC,"PN16, 8 IN, BUTTERFLY VALVE, Cast Iron",40141615,28000
REC_2048,4,IOCL,"Cast Iron, BUTTERFLY VALVE, 8 INCH, PN16",40141615,28000
REC_2049,4,BPCL,"Cast Iron, BUTTERFLY VALVE, 8 IN, PN16",40141615,28000
REC_2050,4,OIL,"Cast Iron, 8 "", BUTTERFLY VALVE, PN16",40141615,28000
REC_2051,4,IOCL,"PN16, Cast Iron, BUTTERFLY VALVE, 8 IN",40141615,28000
REC_2052,4,IOCL,"Cast Iron, BUTTERFLY VALVE, 8 IN, PN16",40141615,28000
REC_2053,4,BPCL,"Cast Iron, 8 IN, BUTTERFLY VALVE, PN16",40141615,28000
REC_2054,4,OIL,"BUTTERFLY VALVE, 8 "", Cast Iron, PN16",40141615,28000
REC_2055,4,OIL,"Cast Iron, 8 IN, PN16, BUTTERFLY VALVE",40141615,28000
REC_2056,4,OIL,"8 "", BUTTERFLY VALVE, Cast Iron, PN16",40141615,28000
REC_2057,4,BPCL,"BUTTERFLY VALVE, Cast Iron, 8 "", PN16",40141615,28000
REC_2058,4,OIL,"Cast Iron, BUTTERFLY VALVE, 8 IN, PN16",40141615,28000
REC_2059,4,BPCL,"8 IN, PN16, BUTTERFLY VALVE, Cast Iron",40141615,28000
REC_2060,4,BPCL,"8 INCH, BUTTERFLY VALVE, Cast Iron, PN16",40141615,28000
REC_2061,4,ONGC,"PN16, BUTTERFLY VALVE, Cast Iron, 8 INCH",40141615,28000
REC_2062,4,OIL,"Cast Iron, PN16, BUTTERFLY VALVE, 8 """,40141615,28000
REC_2063,4,BPCL,"Cast Iron, 8 IN, BUTTERFLY VALVE, PN16",40141615,28000
REC_2064,4,BPCL,"Cast Iron, BUTTERFLY VALVE, PN16, 8 IN",40141615,28000
REC_2065,4,BPCL,"Cast Iron, BUTTERFLY VALVE, 8 IN, PN16",40141615,28000
REC_2066,4,OIL,"8 IN, PN16, Cast Iron, BUTTERFLY VALVE",40141615,28000
REC_2067,4,ONGC,"PN16, BUTTERFLY VALVE, 8 IN, Cast Iron",40141615,28000
REC_2068,4,IOCL,"Cast Iron, 8 "", BUTTERFLY VALVE, PN16",40141615,28000
REC_2069,4,OIL,"8 "", BUTTERFLY VALVE, PN16, Cast Iron",40141615,28000
REC_2070,4,ONGC,"Cast Iron, BUTTERFLY VALVE, 8 "", PN16",40141615,28000
REC_2071,4,IOCL,"Cast Iron, PN16, BUTTERFLY VALVE, 8 """,40141615,28000
REC_2072,4,BPCL,"Cast Iron, BUTTERFLY VALVE, 8 "", PN16",40141615,28000
REC_2073,4,IOCL,"PN16, Cast Iron, 8 INCH, BUTTERFLY VALVE",40141615,28000
REC_2074,4,IOCL,"Cast Iron, PN16, BUTTERFLY VALVE, 8 """,40141615,28000
REC_2075,4,BPCL,"Cast Iron, PN16, BUTTERFLY VALVE, 8 """,40141615,28000
REC_2076,4,IOCL,"Cast Iron, BUTTERFLY VALVE, PN16, 8 """,40141615,28000
REC_2077,4,OIL,"Cast Iron, 8 INCH, BUTTERFLY VALVE, PN16",40141615,28000
REC_2078,4,BPCL,"8 INCH, PN16, Cast Iron, BUTTERFLY VALVE",40141615,28000
REC_2079,4,OIL,"PN16, BUTTERFLY VALVE, Cast Iron, 8 """,40141615,28000
REC_2080,4,BPCL,"BUTTERFLY VALVE, PN16, 8 INCH, Cast Iron",40141615,28000
REC_2081,4,OIL,"8 IN, BUTTERFLY VALVE, Cast Iron, PN16",40141615,28000
REC_2082,4,OIL,"BUTTERFLY VALVE, PN16, Cast Iron, 8 """,40141615,28000
REC_2083,4,OIL,"8 IN, PN16, Cast Iron, BUTTERFLY VALVE",40141615,28000
REC_2084,4,IOCL,"Cast Iron, 8 INCH, BUTTERFLY VALVE, PN16",40141615,28000
REC_2085,4,IOCL,"8 INCH, PN16, BUTTERFLY VALVE, Cast Iron",40141615,28000
REC_2086,4,ONGC,"BUTTERFLY VALVE, 8 IN, PN16, Cast Iron",40141615,28000
REC_2087,4,IOCL,"8 INCH, BUTTERFLY VALVE, PN16, Cast Iron",40141615,28000
REC_2088,4,IOCL,"Cast Iron, BUTTERFLY VALVE, 8 IN, PN16",40141615,28000
REC_2089,4,BPCL,"Cast Iron, PN16, BUTTERFLY VALVE, 8 """,40141615,28000
REC_2090,4,BPCL,"BUTTERFLY VALVE, PN16, Cast Iron, 8 """,40141615,28000
REC_2091,4,ONGC,"BUTTERFLY VALVE, PN16, 8 IN, Cast Iron",40141615,28000
REC_2092,4,OIL,"8 INCH, PN16, BUTTERFLY VALVE, Cast Iron",40141615,28000
REC_2093,4,IOCL,"BUTTERFLY VALVE, 8 IN, PN16, Cast Iron",40141615,28000
REC_2094,4,IOCL,"8 IN, BUTTERFLY VALVE, Cast Iron, PN16",40141615,28000
REC_2095,4,ONGC,"BUTTERFLY VALVE, 8 "", Cast Iron, PN16",40141615,28000
REC_2096,4,OIL,"PN16, Cast Iron, BUTTERFLY VALVE, 8 """,40141615,28000
REC_2097,4,BPCL,"Cast Iron, BUTTERFLY VALVE, 8 IN, PN16",40141615,28000
REC_2098,4,BPCL,"PN16, Cast Iron, 8 "", BUTTERFLY VALVE",40141615,28000
REC_2099,4,ONGC,"Cast Iron, 8 INCH, BUTTERFLY VALVE, PN16",40141615,28000
REC_2100,4,IOCL,"PN16, 8 IN, Cast Iron, BUTTERFLY VALVE",40141615,28000
REC_2101,4,BPCL,"BUTTERFLY VALVE, Cast Iron, PN16, 8 INCH",40141615,28000
REC_2102,4,IOCL,"Cast Iron, BUTTERFLY VALVE, PN16, 8 """,40141615,28000
REC_2103,4,ONGC,"BUTTERFLY VALVE, Cast Iron, 8 "", PN16",40141615,28000
REC_2104,4,BPCL,"BUTTERFLY VALVE, 8 INCH, Cast Iron, PN16",40141615,28000
REC_2105,4,OIL,"8 IN, BUTTERFLY VALVE, PN16, Cast Iron",40141615,28000
REC_2106,4,IOCL,"BUTTERFLY VALVE, 8 IN, Cast Iron, PN16",40141615,28000
REC_2107,4,IOCL,"PN16, 8 IN, BUTTERFLY VALVE, Cast Iron",40141615,28000
REC_2108,4,ONGC,"BUTTERFLY VALVE, 8 IN, Cast Iron, PN16",40141615,28000
REC_2109,4,OIL,"8 "", BUTTERFLY VALVE, PN16, Cast Iron",40141615,28000
REC_2110,4,OIL,"PN16, Cast Iron, 8 "", BUTTERFLY VALVE",40141615,28000
REC_2111,4,BPCL,"PN16, BUTTERFLY VALVE, Cast Iron, 8 INCH",40141615,28000
REC_2112,4,OIL,"Cast Iron, 8 INCH, BUTTERFLY VALVE, PN16",40141615,28000
REC_2113,4,IOCL,"Cast Iron, 8 IN, PN16, BUTTERFLY VALVE",40141615,28000
REC_2114,4,IOCL,"PN16, Cast Iron, BUTTERFLY VALVE, 8 INCH",40141615,28000
REC_2115,4,ONGC,"BUTTERFLY VALVE, PN16, 8 IN, Cast Iron",40141615,28000
REC_2116,4,IOCL,"BUTTERFLY VALVE, PN16, 8 IN, Cast Iron",40141615,28000
REC_2117,4,BPCL,"8 IN, Cast Iron, PN16, BUTTERFLY VALVE",40141615,28000
REC_2118,4,BPCL,"Cast Iron, PN16, 8 IN, BUTTERFLY VALVE",40141615,28000
REC_2119,4,BPCL,"8 IN, PN16, Cast Iron, BUTTERFLY VALVE",40141615,28000
REC_2120,4,OIL,"PN16, 8 INCH, BUTTERFLY VALVE, Cast Iron",40141615,28000
REC_2121,4,OIL,"8 IN, Cast Iron, PN16, BUTTERFLY VALVE",40141615,28000
REC_2122,4,OIL,"8 IN, Cast Iron, BUTTERFLY VALVE, PN16",40141615,28000
REC_2123,4,IOCL,"BUTTERFLY VALVE, PN16, 8 IN, Cast Iron",40141615,28000
REC_2124,4,IOCL,"Cast Iron, 8 IN, PN16, BUTTERFLY VALVE",40141615,28000
REC_2125,4,OIL,"BUTTERFLY VALVE, PN16, Cast Iron, 8 INCH",40141615,28000
REC_2126,4,ONGC,"BUTTERFLY VALVE, Cast Iron, 8 "", PN16",40141615,28000
REC_2127,4,OIL,"PN16, 8 IN, Cast Iron, BUTTERFLY VALVE",40141615,28000
REC_2128,4,BPCL,"8 INCH, Cast Iron, PN16, BUTTERFLY VALVE",40141615,28000
REC_2129,4,IOCL,"Cast Iron, BUTTERFLY VALVE, PN16, 8 IN",40141615,28000
REC_2130,4,OIL,"BUTTERFLY VALVE, 8 IN, PN16, Cast Iron",40141615,28000
REC_2131,4,BPCL,"BUTTERFLY VALVE, Cast Iron, PN16, 8 """,40141615,28000
REC_2132,4,BPCL,"PN16, 8 "", BUTTERFLY VALVE, Cast Iron",40141615,28000
REC_2133,4,IOCL,"8 "", BUTTERFLY VALVE, PN16, Cast Iron",40141615,28000
REC_2134,4,ONGC,"Cast Iron, 8 IN, BUTTERFLY VALVE, PN16",40141615,28000
REC_2135,4,OIL,"Cast Iron, 8 IN, BUTTERFLY VALVE, PN16",40141615,28000
REC_2136,4,OIL,"BUTTERFLY VALVE, PN16, Cast Iron, 8 IN",40141615,28000
REC_2137,4,IOCL,"PN16, Cast Iron, BUTTERFLY VALVE, 8 INCH",40141615,28000
REC_2138,4,IOCL,"PN16, BUTTERFLY VALVE, Cast Iron, 8 IN",40141615,28000
REC_2139,4,IOCL,"8 IN, Cast Iron, PN16, BUTTERFLY VALVE",40141615,28000
REC_2140,4,IOCL,"PN16, 8 INCH, Cast Iron, BUTTERFLY VALVE",40141615,28000
REC_2141,4,IOCL,"BUTTERFLY VALVE, PN16, 8 IN, Cast Iron",40141615,28000
REC_2142,4,OIL,"8 IN, Cast Iron, PN16, BUTTERFLY VALVE",40141615,28000
REC_2143,4,IOCL,"8 INCH, Cast Iron, PN16, BUTTERFLY VALVE",40141615,28000
REC_2144,4,OIL,"PN16, 8 IN, BUTTERFLY VALVE, Cast Iron",40141615,28000
REC_2145,4,IOCL,"PN16, BUTTERFLY VALVE, 8 IN, Cast Iron",40141615,28000
REC_2146,4,BPCL,"Cast Iron, PN16, BUTTERFLY VALVE, 8 """,40141615,28000
REC_2147,4,BPCL,"BUTTERFLY VALVE, 8 IN, PN16, Cast Iron",40141615,28000
REC_2148,4,BPCL,"8 "", Cast Iron, PN16, BUTTERFLY VALVE",40141615,28000
REC_2149,4,OIL,"8 INCH, Cast Iron, BUTTERFLY VALVE, PN16",40141615,28000
REC_2150,4,ONGC,"BUTTERFLY VALVE, Cast Iron, PN16, 8 INCH",40141615,28000
REC_2151,4,BPCL,"8 IN, PN16, BUTTERFLY VALVE, Cast Iron",40141615,28000
REC_2152,4,ONGC,"Cast Iron, BUTTERFLY VALVE, PN16, 8 IN",40141615,28000
REC_2153,4,ONGC,"8 IN, Cast Iron, PN16, BUTTERFLY VALVE",40141615,28000
REC_2154,4,BPCL,"PN16, 8 IN, BUTTERFLY VALVE, Cast Iron",40141615,28000
REC_2155,4,ONGC,"PN16, Cast Iron, BUTTERFLY VALVE, 8 IN",40141615,28000
REC_2156,4,IOCL,"Cast Iron, BUTTERFLY VALVE, 8 IN, PN16",40141615,28000
REC_2157,4,IOCL,"Cast Iron, BUTTERFLY VALVE, PN16, 8 """,40141615,28000
REC_2158,4,IOCL,"Cast Iron, BUTTERFLY VALVE, PN16, 8 IN",40141615,28000
REC_2159,4,BPCL,"Cast Iron, PN16, 8 IN, BUTTERFLY VALVE",40141615,28000
REC_2160,4,OIL,"Cast Iron, PN16, BUTTERFLY VALVE, 8 """,40141615,28000
REC_2161,4,ONGC,"8 IN, BUTTERFLY VALVE, PN16, Cast Iron",40141615,28000
REC_2162,4,ONGC,"Cast Iron, BUTTERFLY VALVE, PN16, 8 IN",40141615,28000
REC_2163,4,OIL,"BUTTERFLY VALVE, Cast Iron, 8 IN, PN16",40141615,28000
REC_2164,4,ONGC,"Cast Iron, 8 IN, BUTTERFLY VALVE, PN16",40141615,28000
REC_2165,4,IOCL,"Cast Iron, BUTTERFLY VALVE, PN16, 8 """,40141615,28000
REC_2166,4,IOCL,"PN16, BUTTERFLY VALVE, Cast Iron, 8 """,40141615,28000
REC_2167,4,IOCL,"8 IN, Cast Iron, BUTTERFLY VALVE, PN16",40141615,28000
REC_2168,4,BPCL,"8 "", BUTTERFLY VALVE, Cast Iron, PN16",40141615,28000
REC_2169,4,BPCL,"PN16, Cast Iron, 8 IN, BUTTERFLY VALVE",40141615,28000
REC_2170,4,IOCL,"Cast Iron, PN16, 8 IN, BUTTERFLY VALVE",40141615,28000
REC_2171,4,OIL,"PN16, Cast Iron, BUTTERFLY VALVE, 8 IN",40141615,28000
REC_2172,4,OIL,"BUTTERFLY VALVE, 8 INCH, PN16, Cast Iron",40141615,28000
REC_2173,4,IOCL,"8 IN, Cast Iron, BUTTERFLY VALVE, PN16",40141615,28000
REC_2174,4,OIL,"Cast Iron, BUTTERFLY VALVE, 8 INCH, PN16",40141615,28000
REC_2175,4,BPCL,"8 IN, Cast Iron, PN16, BUTTERFLY VALVE",40141615,28000
REC_2176,4,ONGC,"Cast Iron, PN16, BUTTERFLY VALVE, 8 INCH",40141615,28000
REC_2177,4,IOCL,"BUTTERFLY VALVE, Cast Iron, PN16, 8 INCH",40141615,28000
REC_2178,4,BPCL,"Cast Iron, BUTTERFLY VALVE, 8 INCH, PN16",40141615,28000
REC_2179,4,IOCL,"PN16, Cast Iron, 8 IN, BUTTERFLY VALVE",40141615,28000
REC_2180,4,OIL,"PN16, Cast Iron, 8 IN, BUTTERFLY VALVE",40141615,28000
REC_2181,4,ONGC,"PN16, Cast Iron, 8 IN, BUTTERFLY VALVE",40141615,28000
REC_2182,4,OIL,"Cast Iron, 8 IN, BUTTERFLY VALVE, PN16",40141615,28000
REC_2183,4,IOCL,"PN16, BUTTERFLY VALVE, Cast Iron, 8 INCH",40141615,28000
REC_2184,4,BPCL,"Cast Iron, BUTTERFLY VALVE, 8 "", PN16",40141615,28000
REC_2185,4,IOCL,"8 IN, BUTTERFLY VALVE, PN16, Cast Iron",40141615,28000
REC_2186,4,IOCL,"BUTTERFLY VALVE, 8 IN, PN16, Cast Iron",40141615,28000
REC_2187,4,ONGC,"PN16, Cast Iron, 8 IN, BUTTERFLY VALVE",40141615,28000
REC_2188,4,BPCL,"8 IN, BUTTERFLY VALVE, Cast Iron, PN16",40141615,28000
REC_2189,4,ONGC,"PN16, Cast Iron, BUTTERFLY VALVE, 8 INCH",40141615,28000
REC_2190,4,BPCL,"Cast Iron, BUTTERFLY VALVE, 8 INCH, PN16",40141615,28000
REC_2191,4,ONGC,"BUTTERFLY VALVE, PN16, Cast Iron, 8 INCH",40141615,28000
REC_2192,4,IOCL,"BUTTERFLY VALVE, PN16, Cast Iron, 8 """,40141615,28000
REC_2193,4,OIL,"PN16, 8 INCH, BUTTERFLY VALVE, Cast Iron",40141615,28000
REC_2194,4,BPCL,"BUTTERFLY VALVE, Cast Iron, 8 "", PN16",40141615,28000
REC_2195,4,ONGC,"8 INCH, PN16, BUTTERFLY VALVE, Cast Iron",40141615,28000
REC_2196,4,ONGC,"8 IN, BUTTERFLY VALVE, PN16, Cast Iron",40141615,28000
REC_2197,4,IOCL,"Cast Iron, 8 "", BUTTERFLY VALVE, PN16",40141615,28000
REC_2198,4,IOCL,"PN16, BUTTERFLY VALVE, 8 IN, Cast Iron",40141615,28000
REC_2199,4,OIL,"Cast Iron, 8 IN, BUTTERFLY VALVE, PN16",40141615,28000
REC_2200,4,ONGC,"PN16, 8 IN, BUTTERFLY VALVE, Cast Iron",40141615,28000
REC_2201,4,BPCL,"8 INCH, Cast Iron, BUTTERFLY VALVE, PN16",40141615,28000
REC_2202,4,IOCL,"BUTTERFLY VALVE, PN16, Cast Iron, 8 IN",40141615,28000
REC_2203,4,OIL,"Cast Iron, 8 IN, BUTTERFLY VALVE, PN16",40141615,28000
REC_2204,4,OIL,"PN16, Cast Iron, BUTTERFLY VALVE, 8 IN",40141615,28000
REC_2205,4,IOCL,"PN16, Cast Iron, BUTTERFLY VALVE, 8 IN",40141615,28000
REC_2206,4,IOCL,"PN16, 8 IN, Cast Iron, BUTTERFLY VALVE",40141615,28000
REC_2207,4,IOCL,"PN16, BUTTERFLY VALVE, Cast Iron, 8 IN",40141615,28000
REC_2208,4,BPCL,"Cast Iron, PN16, 8 IN, BUTTERFLY VALVE",40141615,28000
REC_2209,4,OIL,"8 "", BUTTERFLY VALVE, Cast Iron, PN16",40141615,28000
REC_2210,4,IOCL,"PN16, Cast Iron, 8 IN, BUTTERFLY VALVE",40141615,28000
REC_2211,4,OIL,"Cast Iron, PN16, 8 IN, BUTTERFLY VALVE",40141615,28000
REC_2212,4,OIL,"Cast Iron, BUTTERFLY VALVE, PN16, 8 IN",40141615,28000
REC_2213,4,OIL,"Cast Iron, 8 "", PN16, BUTTERFLY VALVE",40141615,28000
REC_2214,4,IOCL,"Cast Iron, PN16, BUTTERFLY VALVE, 8 IN",40141615,28000
REC_2215,4,IOCL,"8 IN, PN16, Cast Iron, BUTTERFLY VALVE",40141615,28000
REC_2216,4,BPCL,"BUTTERFLY VALVE, PN16, 8 INCH, Cast Iron",40141615,28000
REC_2217,4,ONGC,"PN16, BUTTERFLY VALVE, 8 IN, Cast Iron",40141615,28000
REC_2218,4,BPCL,"BUTTERFLY VALVE, Cast Iron, 8 IN, PN16",40141615,28000
REC_2219,4,BPCL,"PN16, BUTTERFLY VALVE, 8 "", Cast Iron",40141615,28000
REC_2220,4,ONGC,"BUTTERFLY VALVE, Cast Iron, 8 IN, PN16",40141615,28000
REC_2221,4,ONGC,"Cast Iron, BUTTERFLY VALVE, PN16, 8 """,40141615,28000
REC_2222,4,IOCL,"8 IN, PN16, BUTTERFLY VALVE, Cast Iron",40141615,28000
REC_2223,4,BPCL,"8 "", PN16, BUTTERFLY VALVE, Cast Iron",40141615,28000
REC_2224,4,ONGC,"8 INCH, BUTTERFLY VALVE, PN16, Cast Iron",40141615,28000
REC_2225,4,ONGC,"PN16, Cast Iron, 8 IN, BUTTERFLY VALVE",40141615,28000
REC_2226,4,IOCL,"BUTTERFLY VALVE, PN16, Cast Iron, 8 INCH",40141615,28000
REC_2227,4,ONGC,"PN16, Cast Iron, 8 IN, BUTTERFLY VALVE",40141615,28000
REC_2228,4,OIL,"Cast Iron, 8 IN, PN16, BUTTERFLY VALVE",40141615,28000
REC_2229,4,IOCL,"PN16, BUTTERFLY VALVE, 8 IN, Cast Iron",40141615,28000
REC_2230,4,BPCL,"Cast Iron, BUTTERFLY VALVE, 8 IN, PN16",40141615,28000
REC_2231,4,BPCL,"Cast Iron, PN16, BUTTERFLY VALVE, 8 """,40141615,28000
REC_2232,4,ONGC,"8 IN, BUTTERFLY VALVE, PN16, Cast Iron",40141615,28000
REC_2233,4,IOCL,"PN16, Cast Iron, 8 INCH, BUTTERFLY VALVE",40141615,28000
REC_2234,4,ONGC,"8 INCH, Cast Iron, BUTTERFLY VALVE, PN16",40141615,28000
REC_2235,4,BPCL,"8 IN, PN16, Cast Iron, BUTTERFLY VALVE",40141615,28000
REC_2236,4,ONGC,"PN16, Cast Iron, 8 IN, BUTTERFLY VALVE",40141615,28000
REC_2237,4,IOCL,"Cast Iron, 8 INCH, PN16, BUTTERFLY VALVE",40141615,28000
REC_2238,4,IOCL,"Cast Iron, 8 IN, BUTTERFLY VALVE, PN16",40141615,28000
REC_2239,4,IOCL,"8 INCH, BUTTERFLY VALVE, Cast Iron, PN16",40141615,28000
REC_2240,4,IOCL,"Cast Iron, BUTTERFLY VALVE, PN16, 8 IN",40141615,28000
REC_2241,4,IOCL,"Cast Iron, 8 INCH, PN16, BUTTERFLY VALVE",40141615,28000
REC_2242,4,IOCL,"PN16, 8 "", BUTTERFLY VALVE, Cast Iron",40141615,28000
REC_2243,4,ONGC,"8 INCH, Cast Iron, BUTTERFLY VALVE, PN16",40141615,28000
REC_2244,4,ONGC,"PN16, BUTTERFLY VALVE, 8 IN, Cast Iron",40141615,28000
REC_2245,4,IOCL,"Cast Iron, BUTTERFLY VALVE, PN16, 8 IN",40141615,28000
REC_2246,4,BPCL,"8 IN, PN16, Cast Iron, BUTTERFLY VALVE",40141615,28000
REC_2247,4,IOCL,"8 IN, PN16, BUTTERFLY VALVE, Cast Iron",40141615,28000
REC_2248,4,IOCL,"8 INCH, Cast Iron, BUTTERFLY VALVE, PN16",40141615,28000
REC_2249,4,BPCL,"BUTTERFLY VALVE, 8 IN, PN16, Cast Iron",40141615,28000
REC_2250,4,IOCL,"8 "", BUTTERFLY VALVE, PN16, Cast Iron",40141615,28000
REC_2251,4,OIL,"PN16, BUTTERFLY VALVE, 8 INCH, Cast Iron",40141615,28000
REC_2252,4,IOCL,"8 IN, PN16, BUTTERFLY VALVE, Cast Iron",40141615,28000
REC_2253,4,IOCL,"Cast Iron, BUTTERFLY VALVE, PN16, 8 INCH",40141615,28000
REC_2254,4,IOCL,"PN16, Cast Iron, BUTTERFLY VALVE, 8 """,40141615,28000
REC_2255,4,IOCL,"BUTTERFLY VALVE, 8 INCH, PN16, Cast Iron",40141615,28000
REC_2256,4,ONGC,"BUTTERFLY VALVE, 8 INCH, PN16, Cast Iron",40141615,28000
REC_2257,4,ONGC,"8 "", Cast Iron, BUTTERFLY VALVE, PN16",40141615,28000
REC_2258,4,BPCL,"PN16, BUTTERFLY VALVE, Cast Iron, 8 IN",40141615,28000
REC_2259,4,OIL,"8 IN, BUTTERFLY VALVE, Cast Iron, PN16",40141615,28000
REC_2260,4,BPCL,"8 INCH, PN16, BUTTERFLY VALVE, Cast Iron",40141615,28000
REC_2261,4,BPCL,"Cast Iron, 8 "", PN16, BUTTERFLY VALVE",40141615,28000
REC_2262,4,OIL,"BUTTERFLY VALVE, Cast Iron, PN16, 8 IN",40141615,28000
REC_2263,4,BPCL,"Cast Iron, BUTTERFLY VALVE, PN16, 8 """,40141615,28000
REC_2264,4,IOCL,"Cast Iron, 8 IN, PN16, BUTTERFLY VALVE",40141615,28000
REC_2265,4,OIL,"8 INCH, PN16, BUTTERFLY VALVE, Cast Iron",40141615,28000
REC_2266,4,ONGC,"PN16, 8 "", BUTTERFLY VALVE, Cast Iron",40141615,28000
REC_2267,4,ONGC,"PN16, 8 IN, BUTTERFLY VALVE, Cast Iron",40141615,28000
REC_2268,4,BPCL,"8 IN, BUTTERFLY VALVE, Cast Iron, PN16",40141615,28000
REC_2269,4,BPCL,"BUTTERFLY VALVE, Cast Iron, PN16, 8 INCH",40141615,28000
REC_2270,4,IOCL,"BUTTERFLY VALVE, PN16, 8 IN, Cast Iron",40141615,28000
REC_2271,4,ONGC,"Cast Iron, PN16, 8 IN, BUTTERFLY VALVE",40141615,28000
REC_2272,4,OIL,"PN16, 8 INCH, BUTTERFLY VALVE, Cast Iron",40141615,28000
REC_2273,4,OIL,"8 IN, Cast Iron, BUTTERFLY VALVE, PN16",40141615,28000
REC_2274,4,IOCL,"PN16, Cast Iron, 8 INCH, BUTTERFLY VALVE",40141615,28000
REC_2275,4,BPCL,"PN16, BUTTERFLY VALVE, Cast Iron, 8 """,40141615,28000
REC_2276,4,ONGC,"8 IN, BUTTERFLY VALVE, PN16, Cast Iron",40141615,28000
REC_2277,4,ONGC,"8 IN, PN16, Cast Iron, BUTTERFLY VALVE",40141615,28000
REC_2278,4,OIL,"Cast Iron, BUTTERFLY VALVE, 8 IN, PN16",40141615,28000
REC_2279,4,IOCL,"BUTTERFLY VALVE, 8 INCH, PN16, Cast Iron",40141615,28000
REC_2280,5,IOCL,"PN25, CENTRIFUGAL PUMP, SS316, 3 IN",40151503,120000
REC_2281,5,OIL,"PN25, 3 IN, STAINLESS STEEL, CENTRIFUGAL PUMP",40151503,120000
REC_2282,5,BPCL,"STAINLESS STEEL, CENTRIFUGAL PUMP, 3 INCH, PN25",40151503,120000
REC_2283,5,IOCL,"PN25, 3 INCH, CENTRIFUGAL PUMP, SS",40151503,120000
REC_2284,5,IOCL,"STAINLESS STEEL, 3 INCH, PN25, CENTRIFUGAL PUMP",40151503,120000
REC_2285,5,OIL,"3 INCH, SS316, PN25, CENTRIFUGAL PUMP",40151503,120000
REC_2286,5,BPCL,"PN25, CENTRIFUGAL PUMP, 3 INCH, SS316",40151503,120000
REC_2287,5,ONGC,"PN25, 3 IN, CENTRIFUGAL PUMP, SS316",40151503,120000
REC_2288,5,BPCL,"PN25, SS, CENTRIFUGAL PUMP, 3 IN",40151503,120000
REC_2289,5,IOCL,"PN25, STAINLESS STEEL, CENTRIFUGAL PUMP, 3 IN",40151503,120000
REC_2290,5,ONGC,"3 IN, PN25, SS, CENTRIFUGAL PUMP",40151503,120000
REC_2291,5,ONGC,"PN25, 3 INCH, CENTRIFUGAL PUMP, SS316",40151503,120000
REC_2292,5,ONGC,"CENTRIFUGAL PUMP, PN25, 3 IN, SS316",40151503,120000
REC_2293,5,BPCL,"PN25, SS316, CENTRIFUGAL PUMP, 3 IN",40151503,120000
REC_2294,5,IOCL,"3 IN, CENTRIFUGAL PUMP, SS, PN25",40151503,120000
REC_2295,5,BPCL,"CENTRIFUGAL PUMP, PN25, SS316, 3 IN",40151503,120000
REC_2296,5,BPCL,"CENTRIFUGAL PUMP, SS316, 3 INCH, PN25",40151503,120000
REC_2297,5,IOCL,"SS316, PN25, 3 "", CENTRIFUGAL PUMP",40151503,120000
REC_2298,5,IOCL,"CENTRIFUGAL PUMP, 3 INCH, SS, PN25",40151503,120000
REC_2299,5,IOCL,"PN25, CENTRIFUGAL PUMP, 3 IN, SS",40151503,120000
REC_2300,5,IOCL,"CENTRIFUGAL PUMP, PN25, 3 IN, SS316",40151503,120000
REC_2301,5,OIL,"3 INCH, CENTRIFUGAL PUMP, PN25, SS",40151503,120000
REC_2302,5,OIL,"SS316, PN25, 3 IN, CENTRIFUGAL PUMP",40151503,120000
REC_2303,5,ONGC,"SS316, PN25, 3 IN, CENTRIFUGAL PUMP",40151503,120000
REC_2304,5,BPCL,"3 IN, STAINLESS STEEL, PN25, CENTRIFUGAL PUMP",40151503,120000
REC_2305,5,ONGC,"3 "", CENTRIFUGAL PUMP, STAINLESS STEEL, PN25",40151503,120000
REC_2306,5,ONGC,"PN25, 3 IN, SS, CENTRIFUGAL PUMP",40151503,120000
REC_2307,5,BPCL,"PN25, STAINLESS STEEL, CENTRIFUGAL PUMP, 3 IN",40151503,120000
REC_2308,5,OIL,"PN25, SS316, CENTRIFUGAL PUMP, 3 IN",40151503,120000
REC_2309,5,IOCL,"PN25, CENTRIFUGAL PUMP, 3 IN, SS",40151503,120000
REC_2310,5,BPCL,"3 IN, PN25, STAINLESS STEEL, CENTRIFUGAL PUMP",40151503,120000
REC_2311,5,IOCL,"PN25, 3 INCH, CENTRIFUGAL PUMP, SS",40151503,120000
REC_2312,5,BPCL,"PN25, CENTRIFUGAL PUMP, 3 INCH, STAINLESS STEEL",40151503,120000
REC_2313,5,IOCL,"3 INCH, SS316, PN25, CENTRIFUGAL PUMP",40151503,120000
REC_2314,5,OIL,"3 INCH, CENTRIFUGAL PUMP, PN25, SS316",40151503,120000
REC_2315,5,IOCL,"STAINLESS STEEL, PN25, 3 IN, CENTRIFUGAL PUMP",40151503,120000
REC_2316,5,BPCL,"PN25, STAINLESS STEEL, 3 INCH, CENTRIFUGAL PUMP",40151503,120000
REC_2317,5,ONGC,"STAINLESS STEEL, PN25, CENTRIFUGAL PUMP, 3 """,40151503,120000
REC_2318,5,OIL,"PN25, 3 IN, CENTRIFUGAL PUMP, SS",40151503,120000
REC_2319,5,BPCL,"STAINLESS STEEL, 3 IN, PN25, CENTRIFUGAL PUMP",40151503,120000
REC_2320,5,BPCL,"SS316, CENTRIFUGAL PUMP, 3 IN, PN25",40151503,120000
REC_2321,5,OIL,"CENTRIFUGAL PUMP, PN25, SS316, 3 """,40151503,120000
REC_2322,5,BPCL,"CENTRIFUGAL PUMP, 3 IN, PN25, SS316",40151503,120000
REC_2323,5,IOCL,"CENTRIFUGAL PUMP, SS316, PN25, 3 """,40151503,120000
REC_2324,5,IOCL,"3 IN, CENTRIFUGAL PUMP, STAINLESS STEEL, PN25",40151503,120000
REC_2325,5,ONGC,"PN25, 3 "", CENTRIFUGAL PUMP, SS",40151503,120000
REC_2326,5,OIL,"PN25, CENTRIFUGAL PUMP, STAINLESS STEEL, 3 INCH",40151503,120000
REC_2327,5,OIL,"CENTRIFUGAL PUMP, 3 "", SS, PN25",40151503,120000
REC_2328,5,IOCL,"PN25, 3 IN, SS316, CENTRIFUGAL PUMP",40151503,120000
REC_2329,5,IOCL,"3 IN, SS, CENTRIFUGAL PUMP, PN25",40151503,120000
REC_2330,5,OIL,"SS316, 3 IN, CENTRIFUGAL PUMP, PN25",40151503,120000
REC_2331,5,BPCL,"CENTRIFUGAL PUMP, 3 IN, STAINLESS STEEL, PN25",40151503,120000
REC_2332,5,ONGC,"SS, PN25, 3 INCH, CENTRIFUGAL PUMP",40151503,120000
REC_2333,5,IOCL,"PN25, 3 "", CENTRIFUGAL PUMP, SS",40151503,120000
REC_2334,5,IOCL,"CENTRIFUGAL PUMP, PN25, SS316, 3 IN",40151503,120000
REC_2335,5,IOCL,"PN25, 3 "", CENTRIFUGAL PUMP, STAINLESS STEEL",40151503,120000
REC_2336,5,OIL,"3 INCH, CENTRIFUGAL PUMP, PN25, STAINLESS STEEL",40151503,120000
REC_2337,5,OIL,"3 IN, CENTRIFUGAL PUMP, PN25, STAINLESS STEEL",40151503,120000
REC_2338,5,BPCL,"PN25, CENTRIFUGAL PUMP, SS, 3 IN",40151503,120000
REC_2339,5,OIL,"CENTRIFUGAL PUMP, PN25, 3 IN, SS316",40151503,120000
REC_2340,5,BPCL,"CENTRIFUGAL PUMP, PN25, STAINLESS STEEL, 3 """,40151503,120000
REC_2341,5,OIL,"CENTRIFUGAL PUMP, SS, 3 IN, PN25",40151503,120000
REC_2342,5,IOCL,"PN25, STAINLESS STEEL, CENTRIFUGAL PUMP, 3 IN",40151503,120000
REC_2343,5,ONGC,"CENTRIFUGAL PUMP, PN25, SS, 3 IN",40151503,120000
REC_2344,5,IOCL,"SS316, 3 INCH, PN25, CENTRIFUGAL PUMP",40151503,120000
REC_2345,5,ONGC,"3 IN, CENTRIFUGAL PUMP, STAINLESS STEEL, PN25",40151503,120000
REC_2346,5,OIL,"CENTRIFUGAL PUMP, SS, 3 "", PN25",40151503,120000
REC_2347,5,ONGC,"CENTRIFUGAL PUMP, SS316, PN25, 3 IN",40151503,120000
REC_2348,5,BPCL,"CENTRIFUGAL PUMP, PN25, 3 "", SS316",40151503,120000
REC_2349,5,OIL,"CENTRIFUGAL PUMP, 3 IN, PN25, SS316",40151503,120000
REC_2350,5,IOCL,"CENTRIFUGAL PUMP, PN25, 3 INCH, SS",40151503,120000
REC_2351,5,OIL,"3 IN, PN25, CENTRIFUGAL PUMP, STAINLESS STEEL",40151503,120000
REC_2352,5,OIL,"SS316, PN25, CENTRIFUGAL PUMP, 3 IN",40151503,120000
REC_2353,5,IOCL,"3 INCH, CENTRIFUGAL PUMP, STAINLESS STEEL, PN25",40151503,120000
REC_2354,5,ONGC,"CENTRIFUGAL PUMP, SS316, 3 INCH, PN25",40151503,120000
REC_2355,5,IOCL,"3 IN, PN25, SS316, CENTRIFUGAL PUMP",40151503,120000
REC_2356,5,IOCL,"3 INCH, CENTRIFUGAL PUMP, SS316, PN25",40151503,120000
REC_2357,5,BPCL,"3 "", PN25, SS, CENTRIFUGAL PUMP",40151503,120000
REC_2358,5,OIL,"CENTRIFUGAL PUMP, STAINLESS STEEL, PN25, 3 IN",40151503,120000
REC_2359,5,OIL,"PN25, SS316, CENTRIFUGAL PUMP, 3 IN",40151503,120000
REC_2360,5,OIL,"PN25, CENTRIFUGAL PUMP, SS, 3 """,40151503,120000
REC_2361,5,IOCL,"CENTRIFUGAL PUMP, PN25, STAINLESS STEEL, 3 IN",40151503,120000
REC_2362,5,ONGC,"CENTRIFUGAL PUMP, SS, 3 IN, PN25",40151503,120000
REC_2363,5,BPCL,"CENTRIFUGAL PUMP, PN25, 3 IN, SS",40151503,120000
REC_2364,5,BPCL,"STAINLESS STEEL, CENTRIFUGAL PUMP, 3 IN, PN25",40151503,120000
REC_2365,5,BPCL,"3 IN, CENTRIFUGAL PUMP, SS, PN25",40151503,120000
REC_2366,5,IOCL,"PN25, 3 INCH, SS316, CENTRIFUGAL PUMP",40151503,120000
REC_2367,5,BPCL,"STAINLESS STEEL, CENTRIFUGAL PUMP, 3 INCH, PN25",40151503,120000
REC_2368,5,BPCL,"PN25, SS, 3 IN, CENTRIFUGAL PUMP",40151503,120000
REC_2369,5,ONGC,"PN25, 3 IN, SS, CENTRIFUGAL PUMP",40151503,120000
REC_2370,5,OIL,"PN25, CENTRIFUGAL PUMP, 3 "", SS",40151503,120000
REC_2371,5,IOCL,"3 IN, CENTRIFUGAL PUMP, SS316, PN25",40151503,120000
REC_2372,5,BPCL,"PN25, STAINLESS STEEL, CENTRIFUGAL PUMP, 3 IN",40151503,120000
REC_2373,5,IOCL,"CENTRIFUGAL PUMP, STAINLESS STEEL, PN25, 3 """,40151503,120000
REC_2374,5,IOCL,"3 IN, CENTRIFUGAL PUMP, PN25, SS316",40151503,120000
REC_2375,5,ONGC,"SS316, 3 IN, PN25, CENTRIFUGAL PUMP",40151503,120000
REC_2376,5,IOCL,"SS316, 3 "", CENTRIFUGAL PUMP, PN25",40151503,120000
REC_2377,5,BPCL,"PN25, CENTRIFUGAL PUMP, 3 IN, SS316",40151503,120000
REC_2378,5,IOCL,"PN25, CENTRIFUGAL PUMP, 3 INCH, SS316",40151503,120000
REC_2379,5,OIL,"STAINLESS STEEL, CENTRIFUGAL PUMP, PN25, 3 IN",40151503,120000
REC_2380,5,ONGC,"PN25, CENTRIFUGAL PUMP, SS316, 3 IN",40151503,120000
REC_2381,5,ONGC,"PN25, 3 IN, STAINLESS STEEL, CENTRIFUGAL PUMP",40151503,120000
REC_2382,5,BPCL,"SS, PN25, CENTRIFUGAL PUMP, 3 IN",40151503,120000
REC_2383,5,OIL,"STAINLESS STEEL, PN25, CENTRIFUGAL PUMP, 3 """,40151503,120000
REC_2384,5,BPCL,"PN25, SS316, 3 IN, CENTRIFUGAL PUMP",40151503,120000
REC_2385,5,IOCL,"SS, CENTRIFUGAL PUMP, 3 INCH, PN25",40151503,120000
REC_2386,5,BPCL,"3 IN, CENTRIFUGAL PUMP, STAINLESS STEEL, PN25",40151503,120000
REC_2387,5,ONGC,"SS, CENTRIFUGAL PUMP, PN25, 3 IN",40151503,120000
REC_2388,5,IOCL,"SS, CENTRIFUGAL PUMP, 3 IN, PN25",40151503,120000
REC_2389,5,BPCL,"CENTRIFUGAL PUMP, 3 "", PN25, STAINLESS STEEL",40151503,120000
REC_2390,5,OIL,"CENTRIFUGAL PUMP, 3 IN, PN25, SS316",40151503,120000
REC_2391,5,ONGC,"STAINLESS STEEL, 3 IN, CENTRIFUGAL PUMP, PN25",40151503,120000
REC_2392,5,ONGC,"3 IN, CENTRIFUGAL PUMP, PN25, STAINLESS STEEL",40151503,120000
REC_2393,5,OIL,"PN25, 3 "", STAINLESS STEEL, CENTRIFUGAL PUMP",40151503,120000
REC_2394,5,OIL,"SS316, 3 "", PN25, CENTRIFUGAL PUMP",40151503,120000
REC_2395,5,BPCL,"SS316, CENTRIFUGAL PUMP, 3 IN, PN25",40151503,120000
REC_2396,5,IOCL,"SS316, CENTRIFUGAL PUMP, PN25, 3 IN",40151503,120000
REC_2397,5,OIL,"3 IN, SS316, CENTRIFUGAL PUMP, PN25",40151503,120000
REC_2398,5,IOCL,"SS, CENTRIFUGAL PUMP, PN25, 3 IN",40151503,120000
REC_2399,5,BPCL,"CENTRIFUGAL PUMP, SS, 3 "", PN25",40151503,120000
REC_2400,5,IOCL,"CENTRIFUGAL PUMP, STAINLESS STEEL, 3 IN, PN25",40151503,120000
REC_2401,5,BPCL,"3 "", CENTRIFUGAL PUMP, PN25, SS",40151503,120000
REC_2402,5,ONGC,"PN25, 3 IN, SS316, CENTRIFUGAL PUMP",40151503,120000
REC_2403,5,BPCL,"CENTRIFUGAL PUMP, 3 IN, PN25, STAINLESS STEEL",40151503,120000
REC_2404,5,OIL,"STAINLESS STEEL, 3 IN, PN25, CENTRIFUGAL PUMP",40151503,120000
REC_2405,5,BPCL,"PN25, SS316, 3 IN, CENTRIFUGAL PUMP",40151503,120000
REC_2406,5,IOCL,"SS316, CENTRIFUGAL PUMP, 3 INCH, PN25",40151503,120000
REC_2407,5,BPCL,"CENTRIFUGAL PUMP, 3 INCH, SS, PN25",40151503,120000
REC_2408,5,ONGC,"3 IN, PN25, CENTRIFUGAL PUMP, SS316",40151503,120000
REC_2409,5,OIL,"3 IN, CENTRIFUGAL PUMP, STAINLESS STEEL, PN25",40151503,120000
REC_2410,5,BPCL,"PN25, STAINLESS STEEL, 3 "", CENTRIFUGAL PUMP",40151503,120000
REC_2411,5,OIL,"3 INCH, SS, PN25, CENTRIFUGAL PUMP",40151503,120000
REC_2412,5,OIL,"3 INCH, CENTRIFUGAL PUMP, PN25, SS",40151503,120000
REC_2413,5,ONGC,"CENTRIFUGAL PUMP, 3 IN, PN25, SS316",40151503,120000
REC_2414,5,IOCL,"3 INCH, SS316, CENTRIFUGAL PUMP, PN25",40151503,120000
REC_2415,5,IOCL,"3 IN, SS, PN25, CENTRIFUGAL PUMP",40151503,120000
REC_2416,5,OIL,"PN25, CENTRIFUGAL PUMP, SS, 3 INCH",40151503,120000
REC_2417,5,BPCL,"PN25, 3 "", CENTRIFUGAL PUMP, SS316",40151503,120000
REC_2418,5,ONGC,"CENTRIFUGAL PUMP, PN25, 3 IN, STAINLESS STEEL",40151503,120000
REC_2419,5,BPCL,"3 "", CENTRIFUGAL PUMP, STAINLESS STEEL, PN25",40151503,120000
REC_2420,5,IOCL,"CENTRIFUGAL PUMP, SS316, 3 IN, PN25",40151503,120000
REC_2421,5,OIL,"SS316, CENTRIFUGAL PUMP, PN25, 3 INCH",40151503,120000
REC_2422,5,ONGC,"CENTRIFUGAL PUMP, SS, PN25, 3 INCH",40151503,120000
REC_2423,5,BPCL,"PN25, 3 IN, SS316, CENTRIFUGAL PUMP",40151503,120000
REC_2424,5,IOCL,"STAINLESS STEEL, 3 IN, PN25, CENTRIFUGAL PUMP",40151503,120000
REC_2425,5,BPCL,"CENTRIFUGAL PUMP, 3 IN, SS316, PN25",40151503,120000
REC_2426,5,ONGC,"CENTRIFUGAL PUMP, 3 IN, PN25, SS",40151503,120000
REC_2427,5,ONGC,"PN25, SS, 3 IN, CENTRIFUGAL PUMP",40151503,120000
REC_2428,5,BPCL,"SS, CENTRIFUGAL PUMP, PN25, 3 IN",40151503,120000
REC_2429,5,OIL,"PN25, 3 IN, CENTRIFUGAL PUMP, STAINLESS STEEL",40151503,120000
REC_2430,5,ONGC,"PN25, STAINLESS STEEL, CENTRIFUGAL PUMP, 3 IN",40151503,120000
REC_2431,5,BPCL,"3 INCH, SS, CENTRIFUGAL PUMP, PN25",40151503,120000
REC_2432,5,OIL,"PN25, STAINLESS STEEL, 3 INCH, CENTRIFUGAL PUMP",40151503,120000
REC_2433,5,OIL,"STAINLESS STEEL, PN25, CENTRIFUGAL PUMP, 3 IN",40151503,120000
REC_2434,5,OIL,"CENTRIFUGAL PUMP, 3 INCH, STAINLESS STEEL, PN25",40151503,120000
REC_2435,5,IOCL,"SS316, PN25, CENTRIFUGAL PUMP, 3 INCH",40151503,120000
REC_2436,5,BPCL,"SS, PN25, CENTRIFUGAL PUMP, 3 INCH",40151503,120000
REC_2437,5,OIL,"PN25, CENTRIFUGAL PUMP, 3 "", STAINLESS STEEL",40151503,120000
REC_2438,5,ONGC,"STAINLESS STEEL, 3 IN, CENTRIFUGAL PUMP, PN25",40151503,120000
REC_2439,5,ONGC,"STAINLESS STEEL, PN25, 3 IN, CENTRIFUGAL PUMP",40151503,120000
REC_2440,5,ONGC,"CENTRIFUGAL PUMP, 3 "", STAINLESS STEEL, PN25",40151503,120000
REC_2441,5,IOCL,"PN25, SS316, 3 IN, CENTRIFUGAL PUMP",40151503,120000
REC_2442,5,BPCL,"CENTRIFUGAL PUMP, 3 "", PN25, STAINLESS STEEL",40151503,120000
REC_2443,5,IOCL,"3 IN, SS316, PN25, CENTRIFUGAL PUMP",40151503,120000
REC_2444,5,BPCL,"PN25, SS316, 3 INCH, CENTRIFUGAL PUMP",40151503,120000
REC_2445,5,IOCL,"CENTRIFUGAL PUMP, PN25, 3 "", STAINLESS STEEL",40151503,120000
REC_2446,5,BPCL,"CENTRIFUGAL PUMP, PN25, 3 INCH, SS316",40151503,120000
REC_2447,5,IOCL,"STAINLESS STEEL, PN25, 3 IN, CENTRIFUGAL PUMP",40151503,120000
REC_2448,5,ONGC,"CENTRIFUGAL PUMP, PN25, SS, 3 IN",40151503,120000
REC_2449,5,ONGC,"3 INCH, STAINLESS STEEL, CENTRIFUGAL PUMP, PN25",40151503,120000
REC_2450,5,BPCL,"PN25, SS, 3 INCH, CENTRIFUGAL PUMP",40151503,120000
REC_2451,5,ONGC,"SS, PN25, 3 IN, CENTRIFUGAL PUMP",40151503,120000
REC_2452,5,OIL,"PN25, SS316, 3 INCH, CENTRIFUGAL PUMP",40151503,120000
REC_2453,5,OIL,"PN25, 3 IN, SS316, CENTRIFUGAL PUMP",40151503,120000
REC_2454,5,OIL,"SS, PN25, 3 INCH, CENTRIFUGAL PUMP",40151503,120000
REC_2455,5,BPCL,"PN25, SS316, CENTRIFUGAL PUMP, 3 INCH",40151503,120000
REC_2456,5,BPCL,"CENTRIFUGAL PUMP, 3 IN, SS316, PN25",40151503,120000
REC_2457,5,BPCL,"CENTRIFUGAL PUMP, PN25, 3 IN, SS316",40151503,120000
REC_2458,5,ONGC,"CENTRIFUGAL PUMP, PN25, SS316, 3 IN",40151503,120000
REC_2459,5,BPCL,"CENTRIFUGAL PUMP, 3 IN, SS316, PN25",40151503,120000
REC_2460,5,IOCL,"CENTRIFUGAL PUMP, PN25, 3 IN, SS316",40151503,120000
REC_2461,5,ONGC,"CENTRIFUGAL PUMP, 3 "", PN25, SS316",40151503,120000
REC_2462,5,ONGC,"3 "", CENTRIFUGAL PUMP, SS316, PN25",40151503,120000
REC_2463,5,ONGC,"PN25, 3 "", STAINLESS STEEL, CENTRIFUGAL PUMP",40151503,120000
REC_2464,5,OIL,"CENTRIFUGAL PUMP, STAINLESS STEEL, PN25, 3 IN",40151503,120000
REC_2465,5,BPCL,"SS, 3 INCH, CENTRIFUGAL PUMP, PN25",40151503,120000
REC_2466,5,ONGC,"STAINLESS STEEL, CENTRIFUGAL PUMP, 3 IN, PN25",40151503,120000
REC_2467,5,BPCL,"CENTRIFUGAL PUMP, SS, 3 IN, PN25",40151503,120000
REC_2468,5,OIL,"PN25, 3 "", SS, CENTRIFUGAL PUMP",40151503,120000
REC_2469,5,IOCL,"3 INCH, CENTRIFUGAL PUMP, SS, PN25",40151503,120000
REC_2470,5,BPCL,"SS316, PN25, CENTRIFUGAL PUMP, 3 """,40151503,120000
REC_2471,5,BPCL,"STAINLESS STEEL, CENTRIFUGAL PUMP, PN25, 3 IN",40151503,120000
REC_2472,5,IOCL,"3 IN, STAINLESS STEEL, CENTRIFUGAL PUMP, PN25",40151503,120000
REC_2473,5,ONGC,"3 "", CENTRIFUGAL PUMP, STAINLESS STEEL, PN25",40151503,120000
REC_2474,5,IOCL,"SS316, CENTRIFUGAL PUMP, 3 "", PN25",40151503,120000
REC_2475,5,ONGC,"PN25, SS316, 3 INCH, CENTRIFUGAL PUMP",40151503,120000
REC_2476,5,IOCL,"CENTRIFUGAL PUMP, 3 INCH, SS316, PN25",40151503,120000
REC_2477,5,ONGC,"3 "", PN25, SS, CENTRIFUGAL PUMP",40151503,120000
REC_2478,5,BPCL,"STAINLESS STEEL, 3 IN, CENTRIFUGAL PUMP, PN25",40151503,120000
REC_2479,5,IOCL,"SS316, 3 INCH, CENTRIFUGAL PUMP, PN25",40151503,120000
REC_2480,5,BPCL,"CENTRIFUGAL PUMP, 3 INCH, PN25, STAINLESS STEEL",40151503,120000
REC_2481,5,IOCL,"CENTRIFUGAL PUMP, SS316, PN25, 3 IN",40151503,120000
REC_2482,5,BPCL,"CENTRIFUGAL PUMP, 3 INCH, SS, PN25",40151503,120000
REC_2483,5,OIL,"3 IN, CENTRIFUGAL PUMP, PN25, SS316",40151503,120000
REC_2484,5,IOCL,"PN25, STAINLESS STEEL, 3 IN, CENTRIFUGAL PUMP",40151503,120000
REC_2485,5,ONGC,"CENTRIFUGAL PUMP, PN25, SS, 3 IN",40151503,120000
REC_2486,5,BPCL,"SS316, 3 IN, CENTRIFUGAL PUMP, PN25",40151503,120000
REC_2487,5,ONGC,"3 "", PN25, CENTRIFUGAL PUMP, SS",40151503,120000
REC_2488,5,OIL,"CENTRIFUGAL PUMP, SS316, PN25, 3 INCH",40151503,120000
REC_2489,5,ONGC,"SS316, CENTRIFUGAL PUMP, PN25, 3 """,40151503,120000
REC_2490,5,ONGC,"SS316, 3 "", PN25, CENTRIFUGAL PUMP",40151503,120000
REC_2491,5,OIL,"SS316, PN25, CENTRIFUGAL PUMP, 3 IN",40151503,120000
REC_2492,5,OIL,"PN25, CENTRIFUGAL PUMP, STAINLESS STEEL, 3 """,40151503,120000
REC_2493,5,OIL,"SS, CENTRIFUGAL PUMP, 3 INCH, PN25",40151503,120000
REC_2494,5,IOCL,"SS, PN25, 3 INCH, CENTRIFUGAL PUMP",40151503,120000
REC_2495,5,ONGC,"SS316, CENTRIFUGAL PUMP, 3 IN, PN25",40151503,120000
REC_2496,5,ONGC,"STAINLESS STEEL, 3 "", CENTRIFUGAL PUMP, PN25",40151503,120000
REC_2497,5,ONGC,"CENTRIFUGAL PUMP, 3 INCH, SS316, PN25",40151503,120000
REC_2498,5,BPCL,"CENTRIFUGAL PUMP, 3 INCH, PN25, SS",40151503,120000
REC_2499,5,IOCL,"SS, CENTRIFUGAL PUMP, 3 IN, PN25",40151503,120000
REC_2500,5,OIL,"SS316, CENTRIFUGAL PUMP, 3 "", PN25",40151503,120000
REC_2501,5,OIL,"CENTRIFUGAL PUMP, PN25, 3 "", SS",40151503,120000
REC_2502,5,IOCL,"SS, PN25, CENTRIFUGAL PUMP, 3 INCH",40151503,120000
REC_2503,5,OIL,"CENTRIFUGAL PUMP, 3 IN, SS316, PN25",40151503,120000
REC_2504,5,BPCL,"CENTRIFUGAL PUMP, STAINLESS STEEL, PN25, 3 IN",40151503,120000
REC_2505,5,BPCL,"STAINLESS STEEL, CENTRIFUGAL PUMP, 3 INCH, PN25",40151503,120000
REC_2506,5,ONGC,"3 "", PN25, CENTRIFUGAL PUMP, STAINLESS STEEL",40151503,120000
REC_2507,5,OIL,"CENTRIFUGAL PUMP, STAINLESS STEEL, 3 INCH, PN25",40151503,120000
REC_2508,5,OIL,"3 IN, SS316, PN25, CENTRIFUGAL PUMP",40151503,120000
REC_2509,5,OIL,"CENTRIFUGAL PUMP, 3 INCH, STAINLESS STEEL, PN25",40151503,120000
REC_2510,5,OIL,"SS316, 3 INCH, PN25, CENTRIFUGAL PUMP",40151503,120000
REC_2511,5,BPCL,"PN25, CENTRIFUGAL PUMP, STAINLESS STEEL, 3 INCH",40151503,120000
REC_2512,5,BPCL,"PN25, CENTRIFUGAL PUMP, SS, 3 IN",40151503,120000
REC_2513,5,ONGC,"3 IN, CENTRIFUGAL PUMP, PN25, SS316",40151503,120000
REC_2514,5,OIL,"3 "", CENTRIFUGAL PUMP, SS316, PN25",40151503,120000
REC_2515,5,OIL,"PN25, 3 INCH, CENTRIFUGAL PUMP, SS",40151503,120000
REC_2516,5,BPCL,"SS, CENTRIFUGAL PUMP, 3 "", PN25",40151503,120000
REC_2517,5,IOCL,"CENTRIFUGAL PUMP, 3 INCH, PN25, SS316",40151503,120000
REC_2518,5,BPCL,"3 INCH, PN25, SS, CENTRIFUGAL PUMP",40151503,120000
REC_2519,5,OIL,"CENTRIFUGAL PUMP, STAINLESS STEEL, 3 "", PN25",40151503,120000
REC_2520,5,ONGC,"CENTRIFUGAL PUMP, PN25, 3 IN, STAINLESS STEEL",40151503,120000
REC_2521,5,IOCL,"3 IN, STAINLESS STEEL, CENTRIFUGAL PUMP, PN25",40151503,120000
REC_2522,5,OIL,"CENTRIFUGAL PUMP, 3 INCH, PN25, SS",40151503,120000
REC_2523,5,OIL,"SS316, PN25, CENTRIFUGAL PUMP, 3 INCH",40151503,120000
REC_2524,5,OIL,"PN25, 3 "", CENTRIFUGAL PUMP, SS316",40151503,120000
REC_2525,5,BPCL,"CENTRIFUGAL PUMP, SS, PN25, 3 IN",40151503,120000
REC_2526,5,OIL,"SS, PN25, 3 IN, CENTRIFUGAL PUMP",40151503,120000
REC_2527,5,ONGC,"3 IN, SS, CENTRIFUGAL PUMP, PN25",40151503,120000
REC_2528,5,ONGC,"SS, PN25, CENTRIFUGAL PUMP, 3 """,40151503,120000
REC_2529,5,BPCL,"CENTRIFUGAL PUMP, PN25, 3 INCH, SS",40151503,120000
REC_2530,5,IOCL,"SS, 3 IN, CENTRIFUGAL PUMP, PN25",40151503,120000
REC_2531,5,BPCL,"PN25, 3 INCH, STAINLESS STEEL, CENTRIFUGAL PUMP",40151503,120000
REC_2532,5,ONGC,"PN25, SS316, CENTRIFUGAL PUMP, 3 """,40151503,120000
REC_2533,5,IOCL,"3 IN, SS, CENTRIFUGAL PUMP, PN25",40151503,120000
REC_2534,5,OIL,"3 INCH, SS316, CENTRIFUGAL PUMP, PN25",40151503,120000
REC_2535,5,OIL,"SS, 3 IN, CENTRIFUGAL PUMP, PN25",40151503,120000
REC_2536,5,ONGC,"SS316, PN25, 3 INCH, CENTRIFUGAL PUMP",40151503,120000
REC_2537,5,ONGC,"3 "", CENTRIFUGAL PUMP, SS, PN25",40151503,120000
REC_2538,5,OIL,"3 "", STAINLESS STEEL, CENTRIFUGAL PUMP, PN25",40151503,120000
REC_2539,5,ONGC,"PN25, SS316, 3 IN, CENTRIFUGAL PUMP",40151503,120000
REC_2540,5,ONGC,"PN25, STAINLESS STEEL, 3 INCH, CENTRIFUGAL PUMP",40151503,120000
REC_2541,5,OIL,"PN25, CENTRIFUGAL PUMP, SS316, 3 IN",40151503,120000
REC_2542,5,IOCL,"SS316, CENTRIFUGAL PUMP, PN25, 3 IN",40151503,120000
REC_2543,5,BPCL,"CENTRIFUGAL PUMP, PN25, 3 INCH, STAINLESS STEEL",40151503,120000
REC_2544,5,OIL,"PN25, STAINLESS STEEL, CENTRIFUGAL PUMP, 3 """,40151503,120000
REC_2545,5,IOCL,"CENTRIFUGAL PUMP, STAINLESS STEEL, 3 IN, PN25",40151503,120000
REC_2546,5,OIL,"CENTRIFUGAL PUMP, 3 IN, PN25, SS",40151503,120000
REC_2547,5,IOCL,"CENTRIFUGAL PUMP, SS316, PN25, 3 INCH",40151503,120000
REC_2548,5,ONGC,"PN25, 3 IN, CENTRIFUGAL PUMP, SS",40151503,120000
REC_2549,5,ONGC,"3 "", SS, CENTRIFUGAL PUMP, PN25",40151503,120000
REC_2550,5,BPCL,"3 IN, PN25, STAINLESS STEEL, CENTRIFUGAL PUMP",40151503,120000
REC_2551,5,ONGC,"CENTRIFUGAL PUMP, PN25, SS316, 3 IN",40151503,120000
REC_2552,5,OIL,"STAINLESS STEEL, CENTRIFUGAL PUMP, PN25, 3 """,40151503,120000
REC_2553,5,IOCL,"CENTRIFUGAL PUMP, PN25, SS316, 3 IN",40151503,120000
REC_2554,5,OIL,"CENTRIFUGAL PUMP, STAINLESS STEEL, 3 INCH, PN25",40151503,120000
REC_2555,5,BPCL,"CENTRIFUGAL PUMP, 3 IN, PN25, STAINLESS STEEL",40151503,120000
REC_2556,5,OIL,"3 "", STAINLESS STEEL, CENTRIFUGAL PUMP, PN25",40151503,120000
REC_2557,5,ONGC,"STAINLESS STEEL, PN25, CENTRIFUGAL PUMP, 3 IN",40151503,120000
REC_2558,5,IOCL,"SS, PN25, CENTRIFUGAL PUMP, 3 IN",40151503,120000
REC_2559,5,OIL,"3 INCH, CENTRIFUGAL PUMP, PN25, SS",40151503,120000
REC_2560,5,ONGC,"3 IN, STAINLESS STEEL, CENTRIFUGAL PUMP, PN25",40151503,120000
REC_2561,5,BPCL,"STAINLESS STEEL, CENTRIFUGAL PUMP, 3 INCH, PN25",40151503,120000
REC_2562,5,ONGC,"PN25, 3 INCH, CENTRIFUGAL PUMP, SS316",40151503,120000
REC_2563,5,ONGC,"CENTRIFUGAL PUMP, PN25, 3 IN, SS316",40151503,120000
REC_2564,5,ONGC,"SS, 3 INCH, CENTRIFUGAL PUMP, PN25",40151503,120000
REC_2565,5,OIL,"CENTRIFUGAL PUMP, 3 IN, STAINLESS STEEL, PN25",40151503,120000
REC_2566,5,ONGC,"3 "", SS, PN25, CENTRIFUGAL PUMP",40151503,120000
REC_2567,5,BPCL,"SS316, CENTRIFUGAL PUMP, 3 IN, PN25",40151503,120000
REC_2568,5,ONGC,"SS, PN25, CENTRIFUGAL PUMP, 3 IN",40151503,120000
REC_2569,5,IOCL,"CENTRIFUGAL PUMP, 3 INCH, PN25, SS",40151503,120000
REC_2570,5,BPCL,"CENTRIFUGAL PUMP, 3 IN, STAINLESS STEEL, PN25",40151503,120000
REC_2571,5,OIL,"SS316, CENTRIFUGAL PUMP, 3 IN, PN25",40151503,120000
REC_2572,5,ONGC,"3 "", PN25, CENTRIFUGAL PUMP, STAINLESS STEEL",40151503,120000
REC_2573,5,ONGC,"CENTRIFUGAL PUMP, STAINLESS STEEL, PN25, 3 INCH",40151503,120000
REC_2574,5,BPCL,"3 INCH, PN25, CENTRIFUGAL PUMP, STAINLESS STEEL",40151503,120000
REC_2575,5,OIL,"SS316, CENTRIFUGAL PUMP, PN25, 3 INCH",40151503,120000
REC_2576,5,OIL,"CENTRIFUGAL PUMP, PN25, SS316, 3 """,40151503,120000
REC_2577,5,BPCL,"3 IN, CENTRIFUGAL PUMP, PN25, STAINLESS STEEL",40151503,120000
REC_2578,5,BPCL,"CENTRIFUGAL PUMP, PN25, SS, 3 IN",40151503,120000
REC_2579,5,IOCL,"SS316, CENTRIFUGAL PUMP, PN25, 3 IN",40151503,120000
REC_2580,5,OIL,"CENTRIFUGAL PUMP, SS, 3 "", PN25",40151503,120000
REC_2581,5,OIL,"CENTRIFUGAL PUMP, 3 IN, SS316, PN25",40151503,120000
REC_2582,5,BPCL,"CENTRIFUGAL PUMP, 3 INCH, PN25, STAINLESS STEEL",40151503,120000
REC_2583,5,IOCL,"SS316, PN25, CENTRIFUGAL PUMP, 3 IN",40151503,120000
REC_2584,5,BPCL,"CENTRIFUGAL PUMP, SS, PN25, 3 """,40151503,120000
REC_2585,5,IOCL,"3 IN, STAINLESS STEEL, CENTRIFUGAL PUMP, PN25",40151503,120000
REC_2586,5,IOCL,"3 IN, CENTRIFUGAL PUMP, SS316, PN25",40151503,120000
REC_2587,5,IOCL,"3 INCH, CENTRIFUGAL PUMP, PN25, SS316",40151503,120000
REC_2588,5,ONGC,"CENTRIFUGAL PUMP, SS, 3 IN, PN25",40151503,120000
REC_2589,5,BPCL,"3 IN, PN25, CENTRIFUGAL PUMP, SS316",40151503,120000
REC_2590,5,BPCL,"3 "", CENTRIFUGAL PUMP, SS316, PN25",40151503,120000
REC_2591,5,OIL,"3 IN, CENTRIFUGAL PUMP, SS, PN25",40151503,120000
REC_2592,5,BPCL,"CENTRIFUGAL PUMP, 3 "", STAINLESS STEEL, PN25",40151503,120000
REC_2593,5,OIL,"CENTRIFUGAL PUMP, PN25, SS, 3 INCH",40151503,120000
REC_2594,5,BPCL,"SS, PN25, CENTRIFUGAL PUMP, 3 IN",40151503,120000
REC_2595,5,IOCL,"3 INCH, PN25, SS, CENTRIFUGAL PUMP",40151503,120000
REC_2596,5,BPCL,"CENTRIFUGAL PUMP, PN25, 3 "", SS",40151503,120000
REC_2597,5,IOCL,"3 INCH, SS, CENTRIFUGAL PUMP, PN25",40151503,120000
REC_2598,5,BPCL,"SS, CENTRIFUGAL PUMP, PN25, 3 """,40151503,120000
REC_2599,5,OIL,"PN25, SS316, 3 IN, CENTRIFUGAL PUMP",40151503,120000
REC_2600,6,IOCL,"8 INCH, C.S., WELD NECK FLANGE, CL-600",30181900,15000
REC_2601,6,BPCL,"8 IN, CLASS 600, C.S., WELD NECK FLANGE",30181900,15000
REC_2602,6,BPCL,"CARBON STEEL, WELD NECK FLANGE, CL-600, 8 IN",30181900,15000
REC_2603,6,BPCL,"CL 600, 8 "", CARBON STEEL, WELD NECK FLANGE",30181900,15000
REC_2604,6,ONGC,"WELD NECK FLANGE, CARBON STEEL, CL-600, 8 IN",30181900,15000
REC_2605,6,ONGC,"CARBON STEEL, 8 IN, WELD NECK FLANGE, CLASS 600",30181900,15000
REC_2606,6,ONGC,"8 IN, 600, CARBON STEEL, WELD NECK FLANGE",30181900,15000
REC_2607,6,OIL,"8 "", WELD NECK FLANGE, CL-600, CARBON STEEL",30181900,15000
REC_2608,6,IOCL,"CL-600, 8 "", CARBON STEEL, WELD NECK FLANGE",30181900,15000
REC_2609,6,OIL,"C.S., CL 600, 8 INCH, WELD NECK FLANGE",30181900,15000
REC_2610,6,OIL,"CL-600, WELD NECK FLANGE, CS, 8 INCH",30181900,15000
REC_2611,6,IOCL,"CS, 8 IN, CL 600, WELD NECK FLANGE",30181900,15000
REC_2612,6,OIL,"CLASS 600, CS, WELD NECK FLANGE, 8 IN",30181900,15000
REC_2613,6,BPCL,"600, WELD NECK FLANGE, 8 IN, C.S.",30181900,15000
REC_2614,6,ONGC,"8 IN, WELD NECK FLANGE, CL-600, CARBON STEEL",30181900,15000
REC_2615,6,ONGC,"CL-600, C.S., WELD NECK FLANGE, 8 """,30181900,15000
REC_2616,6,IOCL,"CL-600, 8 IN, WELD NECK FLANGE, CARBON STEEL",30181900,15000
REC_2617,6,ONGC,"8 INCH, 600, WELD NECK FLANGE, C.S.",30181900,15000
REC_2618,6,ONGC,"CLASS 600, WELD NECK FLANGE, CS, 8 IN",30181900,15000
REC_2619,6,ONGC,"8 IN, CS, WELD NECK FLANGE, CL-600",30181900,15000
REC_2620,6,IOCL,"CARBON STEEL, WELD NECK FLANGE, 600, 8 IN",30181900,15000
REC_2621,6,OIL,"C.S., 8 IN, CL 600, WELD NECK FLANGE",30181900,15000
REC_2622,6,BPCL,"CL-600, CARBON STEEL, 8 IN, WELD NECK FLANGE",30181900,15000
REC_2623,6,OIL,"WELD NECK FLANGE, C.S., CL-600, 8 INCH",30181900,15000
REC_2624,6,IOCL,"CS, 600, WELD NECK FLANGE, 8 IN",30181900,15000
REC_2625,6,IOCL,"8 "", CLASS 600, C.S., WELD NECK FLANGE",30181900,15000
REC_2626,6,BPCL,"CS, CL 600, WELD NECK FLANGE, 8 INCH",30181900,15000
REC_2627,6,IOCL,"8 "", CL 600, CARBON STEEL, WELD NECK FLANGE",30181900,15000
REC_2628,6,IOCL,"C.S., WELD NECK FLANGE, 8 IN, CLASS 600",30181900,15000
REC_2629,6,ONGC,"WELD NECK FLANGE, CARBON STEEL, CLASS 600, 8 INCH",30181900,15000
REC_2630,6,OIL,"CL-600, 8 IN, WELD NECK FLANGE, CARBON STEEL",30181900,15000
REC_2631,6,IOCL,"8 IN, WELD NECK FLANGE, CARBON STEEL, CL 600",30181900,15000
REC_2632,6,ONGC,"WELD NECK FLANGE, C.S., 8 IN, CL-600",30181900,15000
REC_2633,6,ONGC,"WELD NECK FLANGE, 8 IN, 600, CARBON STEEL",30181900,15000
REC_2634,6,OIL,"WELD NECK FLANGE, CL-600, CS, 8 IN",30181900,15000
REC_2635,6,ONGC,"CARBON STEEL, 8 IN, WELD NECK FLANGE, 600",30181900,15000
REC_2636,6,IOCL,"CARBON STEEL, CLASS 600, WELD NECK FLANGE, 8 IN",30181900,15000
REC_2637,6,OIL,"8 IN, CL-600, C.S., WELD NECK FLANGE",30181900,15000
REC_2638,6,ONGC,"8 IN, WELD NECK FLANGE, CARBON STEEL, CL-600",30181900,15000
REC_2639,6,OIL,"WELD NECK FLANGE, CARBON STEEL, CL-600, 8 IN",30181900,15000
REC_2640,6,IOCL,"CS, CL 600, 8 "", WELD NECK FLANGE",30181900,15000
REC_2641,6,BPCL,"CL-600, 8 INCH, WELD NECK FLANGE, CS",30181900,15000
REC_2642,6,BPCL,"8 IN, CL-600, WELD NECK FLANGE, CARBON STEEL",30181900,15000
REC_2643,6,OIL,"WELD NECK FLANGE, 8 IN, CARBON STEEL, CLASS 600",30181900,15000
REC_2644,6,OIL,"C.S., 8 "", CLASS 600, WELD NECK FLANGE",30181900,15000
REC_2645,6,ONGC,"CL 600, WELD NECK FLANGE, 8 IN, CARBON STEEL",30181900,15000
REC_2646,6,ONGC,"CARBON STEEL, 600, 8 "", WELD NECK FLANGE",30181900,15000
REC_2647,6,OIL,"8 IN, CLASS 600, C.S., WELD NECK FLANGE",30181900,15000
REC_2648,6,BPCL,"C.S., 8 INCH, WELD NECK FLANGE, 600",30181900,15000
REC_2649,6,OIL,"600, CARBON STEEL, 8 INCH, WELD NECK FLANGE",30181900,15000
REC_2650,6,OIL,"WELD NECK FLANGE, C.S., 8 "", 600",30181900,15000
REC_2651,6,IOCL,"C.S., CLASS 600, 8 INCH, WELD NECK FLANGE",30181900,15000
REC_2652,6,OIL,"C.S., 8 "", WELD NECK FLANGE, CL 600",30181900,15000
REC_2653,6,ONGC,"WELD NECK FLANGE, CS, 8 IN, 600",30181900,15000
REC_2654,6,ONGC,"8 IN, WELD NECK FLANGE, CL-600, C.S.",30181900,15000
REC_2655,6,ONGC,"CLASS 600, 8 INCH, CARBON STEEL, WELD NECK FLANGE",30181900,15000
REC_2656,6,IOCL,"CS, WELD NECK FLANGE, CL-600, 8 """,30181900,15000
REC_2657,6,OIL,"CL 600, 8 IN, CS, WELD NECK FLANGE",30181900,15000
REC_2658,6,IOCL,"8 IN, WELD NECK FLANGE, CLASS 600, C.S.",30181900,15000
REC_2659,6,IOCL,"8 "", C.S., CL-600, WELD NECK FLANGE",30181900,15000
REC_2660,6,IOCL,"8 "", CL-600, CARBON STEEL, WELD NECK FLANGE",30181900,15000
REC_2661,6,ONGC,"WELD NECK FLANGE, CL-600, C.S., 8 INCH",30181900,15000
REC_2662,6,OIL,"CL 600, WELD NECK FLANGE, CARBON STEEL, 8 IN",30181900,15000
REC_2663,6,IOCL,"CL-600, WELD NECK FLANGE, CS, 8 IN",30181900,15000
REC_2664,6,IOCL,"WELD NECK FLANGE, 8 IN, CS, CL-600",30181900,15000
REC_2665,6,ONGC,"600, WELD NECK FLANGE, CS, 8 INCH",30181900,15000
REC_2666,6,BPCL,"CS, WELD NECK FLANGE, 8 INCH, CL 600",30181900,15000
REC_2667,6,ONGC,"CLASS 600, C.S., 8 "", WELD NECK FLANGE",30181900,15000
REC_2668,6,IOCL,"WELD NECK FLANGE, C.S., 8 INCH, CLASS 600",30181900,15000
REC_2669,6,BPCL,"CARBON STEEL, CL-600, WELD NECK FLANGE, 8 IN",30181900,15000
REC_2670,6,ONGC,"CARBON STEEL, WELD NECK FLANGE, 8 IN, CLASS 600",30181900,15000
REC_2671,6,OIL,"8 IN, WELD NECK FLANGE, CARBON STEEL, CL-600",30181900,15000
REC_2672,6,ONGC,"CL-600, CS, WELD NECK FLANGE, 8 INCH",30181900,15000
REC_2673,6,IOCL,"CARBON STEEL, 600, WELD NECK FLANGE, 8 IN",30181900,15000
REC_2674,6,ONGC,"WELD NECK FLANGE, CARBON STEEL, 600, 8 IN",30181900,15000
REC_2675,6,ONGC,"CS, 8 IN, CL 600, WELD NECK FLANGE",30181900,15000
REC_2676,6,ONGC,"CS, WELD NECK FLANGE, 8 INCH, CLASS 600",30181900,15000
REC_2677,6,BPCL,"8 IN, WELD NECK FLANGE, CARBON STEEL, 600",30181900,15000
REC_2678,6,OIL,"WELD NECK FLANGE, CARBON STEEL, 600, 8 INCH",30181900,15000
REC_2679,6,IOCL,"CARBON STEEL, WELD NECK FLANGE, CLASS 600, 8 """,30181900,15000
REC_2680,6,BPCL,"8 IN, WELD NECK FLANGE, 600, CARBON STEEL",30181900,15000
REC_2681,6,OIL,"C.S., CL-600, WELD NECK FLANGE, 8 INCH",30181900,15000
REC_2682,6,ONGC,"WELD NECK FLANGE, CL 600, CARBON STEEL, 8 """,30181900,15000
REC_2683,6,IOCL,"CARBON STEEL, WELD NECK FLANGE, 8 IN, 600",30181900,15000
REC_2684,6,BPCL,"CLASS 600, WELD NECK FLANGE, CARBON STEEL, 8 IN",30181900,15000
REC_2685,6,BPCL,"WELD NECK FLANGE, CL-600, 8 INCH, C.S.",30181900,15000
REC_2686,6,OIL,"8 IN, CL 600, C.S., WELD NECK FLANGE",30181900,15000
REC_2687,6,BPCL,"8 IN, CL 600, WELD NECK FLANGE, CARBON STEEL",30181900,15000
REC_2688,6,BPCL,"CLASS 600, WELD NECK FLANGE, 8 "", CS",30181900,15000
REC_2689,6,ONGC,"CLASS 600, C.S., 8 IN, WELD NECK FLANGE",30181900,15000
REC_2690,6,BPCL,"CLASS 600, WELD NECK FLANGE, C.S., 8 IN",30181900,15000
REC_2691,6,BPCL,"CS, WELD NECK FLANGE, 8 "", 600",30181900,15000
REC_2692,6,BPCL,"CLASS 600, WELD NECK FLANGE, 8 IN, C.S.",30181900,15000
REC_2693,6,BPCL,"8 "", 600, C.S., WELD NECK FLANGE",30181900,15000
REC_2694,6,OIL,"8 IN, CL-600, CS, WELD NECK FLANGE",30181900,15000
REC_2695,6,OIL,"CARBON STEEL, WELD NECK FLANGE, 8 "", 600",30181900,15000
REC_2696,6,ONGC,"8 IN, WELD NECK FLANGE, C.S., CLASS 600",30181900,15000
REC_2697,6,IOCL,"CL 600, CARBON STEEL, WELD NECK FLANGE, 8 IN",30181900,15000
REC_2698,6,IOCL,"8 "", C.S., CL-600, WELD NECK FLANGE",30181900,15000
REC_2699,6,OIL,"WELD NECK FLANGE, 8 IN, CS, 600",30181900,15000
REC_2700,6,IOCL,"8 INCH, CARBON STEEL, CLASS 600, WELD NECK FLANGE",30181900,15000
REC_2701,6,IOCL,"8 IN, WELD NECK FLANGE, CLASS 600, CS",30181900,15000
REC_2702,6,BPCL,"CL-600, 8 IN, CARBON STEEL, WELD NECK FLANGE",30181900,15000
REC_2703,6,BPCL,"CL-600, WELD NECK FLANGE, 8 INCH, C.S.",30181900,15000
REC_2704,6,BPCL,"600, CARBON STEEL, 8 INCH, WELD NECK FLANGE",30181900,15000
REC_2705,6,OIL,"CS, CLASS 600, WELD NECK FLANGE, 8 IN",30181900,15000
REC_2706,6,OIL,"WELD NECK FLANGE, CL 600, CARBON STEEL, 8 INCH",30181900,15000
REC_2707,6,OIL,"CL-600, 8 "", WELD NECK FLANGE, CARBON STEEL",30181900,15000
REC_2708,6,ONGC,"WELD NECK FLANGE, 8 INCH, CARBON STEEL, CL-600",30181900,15000
REC_2709,6,OIL,"C.S., 8 "", CL 600, WELD NECK FLANGE",30181900,15000
REC_2710,6,IOCL,"CARBON STEEL, CL-600, 8 INCH, WELD NECK FLANGE",30181900,15000
REC_2711,6,OIL,"8 IN, WELD NECK FLANGE, C.S., CL 600",30181900,15000
REC_2712,6,BPCL,"8 "", CS, WELD NECK FLANGE, CL-600",30181900,15000
REC_2713,6,IOCL,"WELD NECK FLANGE, CS, CL 600, 8 IN",30181900,15000
REC_2714,6,BPCL,"CLASS 600, C.S., WELD NECK FLANGE, 8 """,30181900,15000
REC_2715,6,ONGC,"CS, WELD NECK FLANGE, 8 IN, CLASS 600",30181900,15000
REC_2716,6,IOCL,"WELD NECK FLANGE, 8 "", 600, C.S.",30181900,15000
REC_2717,6,OIL,"WELD NECK FLANGE, 600, CS, 8 INCH",30181900,15000
REC_2718,6,IOCL,"CLASS 600, C.S., 8 "", WELD NECK FLANGE",30181900,15000
REC_2719,6,IOCL,"8 INCH, WELD NECK FLANGE, CL-600, CARBON STEEL",30181900,15000
REC_2720,6,BPCL,"WELD NECK FLANGE, CARBON STEEL, 8 INCH, CLASS 600",30181900,15000
REC_2721,6,OIL,"C.S., 8 IN, WELD NECK FLANGE, CLASS 600",30181900,15000
REC_2722,6,OIL,"CARBON STEEL, CLASS 600, WELD NECK FLANGE, 8 INCH",30181900,15000
REC_2723,6,OIL,"C.S., CL-600, WELD NECK FLANGE, 8 INCH",30181900,15000
REC_2724,6,IOCL,"8 IN, CL 600, CS, WELD NECK FLANGE",30181900,15000
REC_2725,6,BPCL,"600, C.S., 8 IN, WELD NECK FLANGE",30181900,15000
REC_2726,6,ONGC,"8 IN, WELD NECK FLANGE, CS, 600",30181900,15000
REC_2727,6,OIL,"8 IN, CL-600, CS, WELD NECK FLANGE",30181900,15000
REC_2728,6,ONGC,"CS, WELD NECK FLANGE, 8 IN, 600",30181900,15000
REC_2729,6,IOCL,"8 IN, CS, CL 600, WELD NECK FLANGE",30181900,15000
REC_2730,6,IOCL,"WELD NECK FLANGE, 8 "", CL 600, CARBON STEEL",30181900,15000
REC_2731,6,IOCL,"WELD NECK FLANGE, 600, 8 INCH, CARBON STEEL",30181900,15000
REC_2732,6,IOCL,"600, CS, 8 IN, WELD NECK FLANGE",30181900,15000
REC_2733,6,ONGC,"CARBON STEEL, 8 "", WELD NECK FLANGE, 600",30181900,15000
REC_2734,6,IOCL,"8 IN, CS, 600, WELD NECK FLANGE",30181900,15000
REC_2735,6,IOCL,"CARBON STEEL, 8 IN, WELD NECK FLANGE, 600",30181900,15000
REC_2736,6,BPCL,"8 IN, CLASS 600, CS, WELD NECK FLANGE",30181900,15000
REC_2737,6,IOCL,"WELD NECK FLANGE, 8 IN, CL-600, CS",30181900,15000
REC_2738,6,IOCL,"C.S., WELD NECK FLANGE, 8 INCH, CLASS 600",30181900,15000
REC_2739,6,IOCL,"CLASS 600, C.S., WELD NECK FLANGE, 8 INCH",30181900,15000
REC_2740,6,ONGC,"CS, WELD NECK FLANGE, CLASS 600, 8 IN",30181900,15000
REC_2741,6,BPCL,"8 IN, WELD NECK FLANGE, CS, CLASS 600",30181900,15000
REC_2742,6,IOCL,"WELD NECK FLANGE, CS, 8 IN, CL 600",30181900,15000
REC_2743,6,IOCL,"C.S., 8 INCH, WELD NECK FLANGE, CL 600",30181900,15000
REC_2744,6,ONGC,"WELD NECK FLANGE, CL 600, 8 IN, CS",30181900,15000
REC_2745,6,OIL,"CL-600, WELD NECK FLANGE, CS, 8 IN",30181900,15000
REC_2746,6,ONGC,"WELD NECK FLANGE, CLASS 600, C.S., 8 INCH",30181900,15000
REC_2747,6,IOCL,"WELD NECK FLANGE, CL-600, CS, 8 """,30181900,15000
REC_2748,6,IOCL,"8 INCH, WELD NECK FLANGE, CL 600, CS",30181900,15000
REC_2749,6,BPCL,"WELD NECK FLANGE, CLASS 600, CARBON STEEL, 8 IN",30181900,15000
REC_2750,6,ONGC,"8 IN, CS, CL-600, WELD NECK FLANGE",30181900,15000
REC_2751,6,OIL,"CARBON STEEL, CL 600, WELD NECK FLANGE, 8 """,30181900,15000
REC_2752,6,BPCL,"CL 600, CARBON STEEL, 8 IN, WELD NECK FLANGE",30181900,15000
REC_2753,6,IOCL,"8 IN, WELD NECK FLANGE, C.S., 600",30181900,15000
REC_2754,6,OIL,"C.S., CLASS 600, WELD NECK FLANGE, 8 IN",30181900,15000
REC_2755,6,ONGC,"8 "", CL 600, CARBON STEEL, WELD NECK FLANGE",30181900,15000
REC_2756,6,OIL,"WELD NECK FLANGE, 8 "", CARBON STEEL, CLASS 600",30181900,15000
REC_2757,6,BPCL,"WELD NECK FLANGE, CARBON STEEL, CLASS 600, 8 INCH",30181900,15000
REC_2758,6,IOCL,"WELD NECK FLANGE, CL 600, 8 IN, CARBON STEEL",30181900,15000
REC_2759,6,OIL,"CL-600, 8 INCH, WELD NECK FLANGE, CARBON STEEL",30181900,15000
REC_2760,6,ONGC,"CLASS 600, WELD NECK FLANGE, CARBON STEEL, 8 INCH",30181900,15000
REC_2761,6,BPCL,"600, 8 IN, WELD NECK FLANGE, C.S.",30181900,15000
REC_2762,6,OIL,"C.S., 600, WELD NECK FLANGE, 8 """,30181900,15000
REC_2763,6,OIL,"WELD NECK FLANGE, 8 IN, CLASS 600, CARBON STEEL",30181900,15000
REC_2764,6,BPCL,"CL 600, CARBON STEEL, 8 IN, WELD NECK FLANGE",30181900,15000
REC_2765,6,IOCL,"WELD NECK FLANGE, 8 "", CLASS 600, CS",30181900,15000
REC_2766,6,OIL,"CLASS 600, CS, 8 INCH, WELD NECK FLANGE",30181900,15000
REC_2767,6,ONGC,"8 INCH, CL-600, WELD NECK FLANGE, CS",30181900,15000
REC_2768,6,IOCL,"600, 8 INCH, CS, WELD NECK FLANGE",30181900,15000
REC_2769,6,OIL,"CL 600, C.S., 8 "", WELD NECK FLANGE",30181900,15000
REC_2770,6,BPCL,"WELD NECK FLANGE, 8 IN, CL-600, CS",30181900,15000
REC_2771,6,OIL,"CS, WELD NECK FLANGE, 600, 8 IN",30181900,15000
REC_2772,6,IOCL,"8 IN, CS, 600, WELD NECK FLANGE",30181900,15000
REC_2773,6,ONGC,"CS, WELD NECK FLANGE, CL-600, 8 IN",30181900,15000
REC_2774,6,IOCL,"C.S., WELD NECK FLANGE, 8 IN, CLASS 600",30181900,15000
REC_2775,6,OIL,"WELD NECK FLANGE, CLASS 600, CS, 8 """,30181900,15000
REC_2776,6,ONGC,"WELD NECK FLANGE, C.S., 8 "", CL-600",30181900,15000
REC_2777,6,BPCL,"CARBON STEEL, WELD NECK FLANGE, CLASS 600, 8 """,30181900,15000
REC_2778,6,IOCL,"WELD NECK FLANGE, CL-600, 8 IN, CS",30181900,15000
REC_2779,6,BPCL,"8 IN, C.S., WELD NECK FLANGE, CL-600",30181900,15000
REC_2780,6,IOCL,"WELD NECK FLANGE, CLASS 600, 8 IN, C.S.",30181900,15000
REC_2781,6,IOCL,"CLASS 600, CARBON STEEL, 8 IN, WELD NECK FLANGE",30181900,15000
REC_2782,6,BPCL,"600, CARBON STEEL, WELD NECK FLANGE, 8 IN",30181900,15000
REC_2783,6,OIL,"8 "", CL 600, CARBON STEEL, WELD NECK FLANGE",30181900,15000
REC_2784,6,IOCL,"CARBON STEEL, WELD NECK FLANGE, 600, 8 """,30181900,15000
REC_2785,6,ONGC,"CLASS 600, WELD NECK FLANGE, CS, 8 INCH",30181900,15000
REC_2786,6,OIL,"C.S., WELD NECK FLANGE, 8 "", CL-600",30181900,15000
REC_2787,6,OIL,"CS, CL 600, 8 "", WELD NECK FLANGE",30181900,15000
REC_2788,6,IOCL,"CL-600, C.S., WELD NECK FLANGE, 8 IN",30181900,15000
REC_2789,6,BPCL,"CARBON STEEL, CL 600, 8 IN, WELD NECK FLANGE",30181900,15000
REC_2790,6,OIL,"WELD NECK FLANGE, 8 "", CL-600, CARBON STEEL",30181900,15000
REC_2791,6,ONGC,"CL 600, CARBON STEEL, WELD NECK FLANGE, 8 IN",30181900,15000
REC_2792,6,IOCL,"WELD NECK FLANGE, 8 IN, CS, 600",30181900,15000
REC_2793,6,ONGC,"WELD NECK FLANGE, C.S., 8 IN, 600",30181900,15000
REC_2794,6,OIL,"CL-600, WELD NECK FLANGE, 8 IN, CS",30181900,15000
REC_2795,6,ONGC,"600, WELD NECK FLANGE, 8 IN, CARBON STEEL",30181900,15000
REC_2796,6,IOCL,"WELD NECK FLANGE, CL-600, CARBON STEEL, 8 IN",30181900,15000
REC_2797,6,ONGC,"WELD NECK FLANGE, CL-600, 8 IN, CS",30181900,15000
REC_2798,6,ONGC,"8 IN, CARBON STEEL, WELD NECK FLANGE, CLASS 600",30181900,15000
REC_2799,6,OIL,"WELD NECK FLANGE, CARBON STEEL, 8 "", CL 600",30181900,15000
REC_2800,6,IOCL,"CARBON STEEL, 8 INCH, WELD NECK FLANGE, CLASS 600",30181900,15000
REC_2801,6,BPCL,"CARBON STEEL, 8 IN, CL-600, WELD NECK FLANGE",30181900,15000
REC_2802,6,IOCL,"WELD NECK FLANGE, C.S., 8 "", 600",30181900,15000
REC_2803,6,ONGC,"8 INCH, 600, C.S., WELD NECK FLANGE",30181900,15000
REC_2804,6,ONGC,"CARBON STEEL, 8 IN, CL 600, WELD NECK FLANGE",30181900,15000
REC_2805,6,BPCL,"600, C.S., WELD NECK FLANGE, 8 IN",30181900,15000
REC_2806,6,ONGC,"8 INCH, CL 600, WELD NECK FLANGE, CARBON STEEL",30181900,15000
REC_2807,6,OIL,"WELD NECK FLANGE, 8 IN, C.S., CLASS 600",30181900,15000
REC_2808,6,OIL,"8 "", CS, WELD NECK FLANGE, CL 600",30181900,15000
REC_2809,6,ONGC,"WELD NECK FLANGE, C.S., 8 IN, CL 600",30181900,15000
REC_2810,6,ONGC,"8 INCH, WELD NECK FLANGE, 600, C.S.",30181900,15000
REC_2811,6,BPCL,"WELD NECK FLANGE, CLASS 600, 8 IN, CS",30181900,15000
REC_2812,6,ONGC,"8 IN, CS, 600, WELD NECK FLANGE",30181900,15000
REC_2813,6,OIL,"WELD NECK FLANGE, CL 600, 8 IN, CARBON STEEL",30181900,15000
REC_2814,6,ONGC,"8 INCH, WELD NECK FLANGE, CARBON STEEL, CL-600",30181900,15000
REC_2815,6,BPCL,"CARBON STEEL, WELD NECK FLANGE, 8 "", CLASS 600",30181900,15000
REC_2816,6,BPCL,"CS, WELD NECK FLANGE, 8 INCH, CL-600",30181900,15000
REC_2817,6,ONGC,"CS, WELD NECK FLANGE, CL-600, 8 IN",30181900,15000
REC_2818,6,BPCL,"CS, 8 IN, CL 600, WELD NECK FLANGE",30181900,15000
REC_2819,6,ONGC,"C.S., CL-600, 8 "", WELD NECK FLANGE",30181900,15000
REC_2820,6,IOCL,"8 IN, CARBON STEEL, 600, WELD NECK FLANGE",30181900,15000
REC_2821,6,BPCL,"8 INCH, CS, CL 600, WELD NECK FLANGE",30181900,15000
REC_2822,6,ONGC,"600, 8 IN, CS, WELD NECK FLANGE",30181900,15000
REC_2823,6,OIL,"CARBON STEEL, 600, 8 "", WELD NECK FLANGE",30181900,15000
REC_2824,6,BPCL,"WELD NECK FLANGE, CARBON STEEL, 8 "", CL-600",30181900,15000
REC_2825,6,BPCL,"WELD NECK FLANGE, C.S., CLASS 600, 8 INCH",30181900,15000
REC_2826,6,OIL,"8 IN, CARBON STEEL, CL-600, WELD NECK FLANGE",30181900,15000
REC_2827,6,OIL,"CL-600, CARBON STEEL, 8 "", WELD NECK FLANGE",30181900,15000
REC_2828,6,BPCL,"CLASS 600, 8 IN, C.S., WELD NECK FLANGE",30181900,15000
REC_2829,6,OIL,"C.S., 8 IN, WELD NECK FLANGE, 600",30181900,15000
REC_2830,6,IOCL,"WELD NECK FLANGE, CS, 8 "", CLASS 600",30181900,15000
REC_2831,6,BPCL,"8 IN, WELD NECK FLANGE, CLASS 600, CS",30181900,15000
REC_2832,6,IOCL,"8 IN, CL 600, WELD NECK FLANGE, CARBON STEEL",30181900,15000
REC_2833,6,OIL,"CLASS 600, WELD NECK FLANGE, C.S., 8 IN",30181900,15000
REC_2834,6,ONGC,"WELD NECK FLANGE, 8 "", 600, CS",30181900,15000
REC_2835,6,BPCL,"WELD NECK FLANGE, CS, CL-600, 8 """,30181900,15000
REC_2836,6,ONGC,"WELD NECK FLANGE, 8 IN, CL 600, CARBON STEEL",30181900,15000
REC_2837,6,IOCL,"CLASS 600, CARBON STEEL, 8 INCH, WELD NECK FLANGE",30181900,15000
REC_2838,6,ONGC,"CL-600, WELD NECK FLANGE, 8 IN, CARBON STEEL",30181900,15000
REC_2839,6,OIL,"CL 600, CARBON STEEL, WELD NECK FLANGE, 8 INCH",30181900,15000
REC_2840,6,ONGC,"CLASS 600, CARBON STEEL, 8 IN, WELD NECK FLANGE",30181900,15000
REC_2841,6,IOCL,"WELD NECK FLANGE, CL 600, C.S., 8 INCH",30181900,15000
REC_2842,6,IOCL,"CARBON STEEL, 600, WELD NECK FLANGE, 8 IN",30181900,15000
REC_2843,6,IOCL,"C.S., 8 INCH, CLASS 600, WELD NECK FLANGE",30181900,15000
REC_2844,6,OIL,"8 INCH, C.S., WELD NECK FLANGE, CLASS 600",30181900,15000
REC_2845,6,BPCL,"CL 600, CARBON STEEL, WELD NECK FLANGE, 8 """,30181900,15000
REC_2846,6,OIL,"CL 600, 8 "", WELD NECK FLANGE, CARBON STEEL",30181900,15000
REC_2847,6,IOCL,"600, 8 IN, WELD NECK FLANGE, C.S.",30181900,15000
REC_2848,6,OIL,"8 IN, 600, CS, WELD NECK FLANGE",30181900,15000
REC_2849,6,IOCL,"WELD NECK FLANGE, CS, CL-600, 8 IN",30181900,15000
REC_2850,6,IOCL,"8 INCH, CARBON STEEL, WELD NECK FLANGE, CL 600",30181900,15000
REC_2851,6,OIL,"WELD NECK FLANGE, CL 600, C.S., 8 IN",30181900,15000
REC_2852,6,ONGC,"CARBON STEEL, 8 IN, 600, WELD NECK FLANGE",30181900,15000
REC_2853,6,OIL,"WELD NECK FLANGE, 8 "", CL 600, C.S.",30181900,15000
REC_2854,6,ONGC,"8 "", CL 600, CARBON STEEL, WELD NECK FLANGE",30181900,15000
REC_2855,6,OIL,"600, 8 IN, CARBON STEEL, WELD NECK FLANGE",30181900,15000
REC_2856,6,OIL,"C.S., 8 INCH, 600, WELD NECK FLANGE",30181900,15000
REC_2857,6,OIL,"CARBON STEEL, 8 INCH, WELD NECK FLANGE, 600",30181900,15000
REC_2858,6,IOCL,"CARBON STEEL, 8 IN, 600, WELD NECK FLANGE",30181900,15000
REC_2859,6,BPCL,"C.S., CL-600, 8 IN, WELD NECK FLANGE",30181900,15000
REC_2860,6,IOCL,"CL 600, WELD NECK FLANGE, CARBON STEEL, 8 INCH",30181900,15000
REC_2861,6,OIL,"WELD NECK FLANGE, 8 "", CL 600, CARBON STEEL",30181900,15000
REC_2862,6,IOCL,"CLASS 600, WELD NECK FLANGE, 8 IN, CS",30181900,15000
REC_2863,6,OIL,"CS, 8 "", WELD NECK FLANGE, CL 600",30181900,15000
REC_2864,6,BPCL,"C.S., 600, WELD NECK FLANGE, 8 IN",30181900,15000
REC_2865,6,OIL,"C.S., CL 600, 8 IN, WELD NECK FLANGE",30181900,15000
REC_2866,6,OIL,"CL-600, 8 IN, C.S., WELD NECK FLANGE",30181900,15000
REC_2867,6,OIL,"WELD NECK FLANGE, CL 600, C.S., 8 IN",30181900,15000
REC_2868,6,OIL,"WELD NECK FLANGE, 8 INCH, CARBON STEEL, CLASS 600",30181900,15000
REC_2869,6,BPCL,"8 IN, C.S., WELD NECK FLANGE, CLASS 600",30181900,15000
REC_2870,6,ONGC,"CL-600, WELD NECK FLANGE, C.S., 8 IN",30181900,15000
REC_2871,6,OIL,"8 IN, CL-600, C.S., WELD NECK FLANGE",30181900,15000
REC_2872,6,ONGC,"8 IN, CL 600, CS, WELD NECK FLANGE",30181900,15000
REC_2873,6,IOCL,"8 "", CARBON STEEL, WELD NECK FLANGE, 600",30181900,15000
REC_2874,6,IOCL,"CLASS 600, WELD NECK FLANGE, 8 INCH, CARBON STEEL",30181900,15000
REC_2875,6,OIL,"WELD NECK FLANGE, CARBON STEEL, CL-600, 8 IN",30181900,15000
REC_2876,6,BPCL,"8 IN, CS, WELD NECK FLANGE, CL 600",30181900,15000
REC_2877,6,IOCL,"C.S., CL-600, 8 IN, WELD NECK FLANGE",30181900,15000
REC_2878,6,BPCL,"CL 600, 8 INCH, CS, WELD NECK FLANGE",30181900,15000
REC_2879,6,BPCL,"WELD NECK FLANGE, CLASS 600, 8 INCH, C.S.",30181900,15000
REC_2880,6,BPCL,"CARBON STEEL, 8 IN, CLASS 600, WELD NECK FLANGE",30181900,15000
REC_2881,6,ONGC,"WELD NECK FLANGE, 8 IN, CL-600, C.S.",30181900,15000
REC_2882,6,BPCL,"8 "", CARBON STEEL, WELD NECK FLANGE, 600",30181900,15000
REC_2883,6,IOCL,"WELD NECK FLANGE, CL-600, CARBON STEEL, 8 IN",30181900,15000
REC_2884,6,IOCL,"CLASS 600, 8 IN, WELD NECK FLANGE, CS",30181900,15000
REC_2885,6,OIL,"WELD NECK FLANGE, CS, 8 IN, 600",30181900,15000
REC_2886,6,OIL,"C.S., WELD NECK FLANGE, 8 IN, 600",30181900,15000
REC_2887,6,OIL,"WELD NECK FLANGE, 600, CS, 8 INCH",30181900,15000
REC_2888,6,ONGC,"8 IN, CARBON STEEL, CL 600, WELD NECK FLANGE",30181900,15000
REC_2889,6,OIL,"CS, 8 IN, CLASS 600, WELD NECK FLANGE",30181900,15000
REC_2890,6,OIL,"C.S., 8 IN, CL-600, WELD NECK FLANGE",30181900,15000
REC_2891,6,IOCL,"CS, CLASS 600, 8 IN, WELD NECK FLANGE",30181900,15000
REC_2892,6,IOCL,"WELD NECK FLANGE, 8 "", CARBON STEEL, CL-600",30181900,15000
REC_2893,6,OIL,"8 "", CARBON STEEL, CLASS 600, WELD NECK FLANGE",30181900,15000
REC_2894,6,BPCL,"8 "", WELD NECK FLANGE, CARBON STEEL, 600",30181900,15000
REC_2895,6,IOCL,"8 "", CL 600, WELD NECK FLANGE, C.S.",30181900,15000
REC_2896,6,OIL,"CL-600, C.S., WELD NECK FLANGE, 8 IN",30181900,15000
REC_2897,6,BPCL,"CLASS 600, CS, WELD NECK FLANGE, 8 IN",30181900,15000
REC_2898,6,OIL,"C.S., 8 INCH, CLASS 600, WELD NECK FLANGE",30181900,15000
REC_2899,6,ONGC,"WELD NECK FLANGE, CL 600, CS, 8 """,30181900,15000
REC_2900,6,IOCL,"CS, 8 "", WELD NECK FLANGE, CL 600",30181900,15000
REC_2901,6,OIL,"600, WELD NECK FLANGE, CARBON STEEL, 8 IN",30181900,15000
REC_2902,6,ONGC,"CLASS 600, WELD NECK FLANGE, 8 IN, CS",30181900,15000
REC_2903,6,IOCL,"8 IN, CARBON STEEL, WELD NECK FLANGE, CLASS 600",30181900,15000
REC_2904,6,OIL,"CS, WELD NECK FLANGE, 8 "", CL 600",30181900,15000
REC_2905,6,IOCL,"8 IN, CL-600, C.S., WELD NECK FLANGE",30181900,15000
REC_2906,6,OIL,"CL 600, WELD NECK FLANGE, 8 "", CARBON STEEL",30181900,15000
REC_2907,6,OIL,"CL-600, WELD NECK FLANGE, CARBON STEEL, 8 """,30181900,15000
REC_2908,6,OIL,"CL 600, WELD NECK FLANGE, 8 IN, CS",30181900,15000
REC_2909,6,BPCL,"8 INCH, CL 600, CS, WELD NECK FLANGE",30181900,15000
REC_2910,6,IOCL,"CS, WELD NECK FLANGE, CL 600, 8 INCH",30181900,15000
REC_2911,6,ONGC,"WELD NECK FLANGE, CS, CL 600, 8 INCH",30181900,15000
REC_2912,6,ONGC,"8 "", 600, WELD NECK FLANGE, C.S.",30181900,15000
REC_2913,6,OIL,"CARBON STEEL, WELD NECK FLANGE, CL 600, 8 IN",30181900,15000
REC_2914,6,BPCL,"8 IN, CARBON STEEL, CLASS 600, WELD NECK FLANGE",30181900,15000
REC_2915,6,IOCL,"600, 8 INCH, WELD NECK FLANGE, CS",30181900,15000
REC_2916,6,BPCL,"CARBON STEEL, 8 IN, WELD NECK FLANGE, CL 600",30181900,15000
REC_2917,6,OIL,"CL 600, 8 INCH, WELD NECK FLANGE, CARBON STEEL",30181900,15000
REC_2918,6,IOCL,"C.S., CL 600, WELD NECK FLANGE, 8 """,30181900,15000
REC_2919,6,ONGC,"CS, 8 INCH, CL-600, WELD NECK FLANGE",30181900,15000
REC_2920,7,IOCL,"CL 300, SS316, 4 "", SPIRAL WOUND GASKET",31201509,3500
REC_2921,7,OIL,"CL-300LB, SPIRAL WOUND GASKET, SS316, 100 MM",31201509,3500
REC_2922,7,ONGC,"SPIRAL WOUND GASKET, 4 INCH, SS316, CL 300#",31201509,3500
REC_2923,7,OIL,"SS316, SPIRAL WOUND GASKET, CL-300#, 4 INCH",31201509,3500
REC_2924,7,BPCL,"SS316, 300LB, 100 MM, SPIRAL WOUND GASKET",31201509,3500
REC_2925,7,ONGC,"CL-300LB, SPIRAL WOUND GASKET, 4 INCH, SS316",31201509,3500
REC_2926,7,OIL,"SS316, SPIRAL WOUND GASKET, 300LB, 100 MM",31201509,3500
REC_2927,7,IOCL,"300LB, SPIRAL WOUND GASKET, 4 "", SS316",31201509,3500
REC_2928,7,OIL,"4 "", SPIRAL WOUND GASKET, CL-300LB, SS316",31201509,3500
REC_2929,7,ONGC,"4 "", SPIRAL WOUND GASKET, 300#, SS316",31201509,3500
REC_2930,7,BPCL,"SPIRAL WOUND GASKET, CL-300LB, SS316, 4 IN",31201509,3500
REC_2931,7,BPCL,"4 "", SS316, CL-300#, SPIRAL WOUND GASKET",31201509,3500
REC_2932,7,ONGC,"CL 300, SS316, SPIRAL WOUND GASKET, 100 MM",31201509,3500
REC_2933,7,OIL,"100 MM, CLASS 300, SPIRAL WOUND GASKET, SS316",31201509,3500
REC_2934,7,ONGC,"SPIRAL WOUND GASKET, SS316, 4 "", CL 300",31201509,3500
REC_2935,7,IOCL,"CL 300#, SS316, SPIRAL WOUND GASKET, 100 MM",31201509,3500
REC_2936,7,IOCL,"CL 300, SPIRAL WOUND GASKET, SS316, 4 """,31201509,3500
REC_2937,7,OIL,"100 MM, SPIRAL WOUND GASKET, CLASS 300LB, SS316",31201509,3500
REC_2938,7,ONGC,"SPIRAL WOUND GASKET, 4 "", CL-300LB, SS316",31201509,3500
REC_2939,7,OIL,"CL 300#, 4 "", SPIRAL WOUND GASKET, SS316",31201509,3500
REC_2940,7,OIL,"4 IN, CLASS 300LB, SS316, SPIRAL WOUND GASKET",31201509,3500
REC_2941,7,ONGC,"CL-300#, SS316, SPIRAL WOUND GASKET, 4 IN",31201509,3500
REC_2942,7,ONGC,"SS316, CLASS 300#, 4 INCH, SPIRAL WOUND GASKET",31201509,3500
REC_2943,7,BPCL,"SS316, CLASS 300, 4 IN, SPIRAL WOUND GASKET",31201509,3500
REC_2944,7,BPCL,"4 IN, CLASS 300LB, SS316, SPIRAL WOUND GASKET",31201509,3500
REC_2945,7,IOCL,"4 IN, CL 300#, SS316, SPIRAL WOUND GASKET",31201509,3500
REC_2946,7,BPCL,"SS316, 100 MM, SPIRAL WOUND GASKET, CL 300#",31201509,3500
REC_2947,7,IOCL,"SPIRAL WOUND GASKET, SS316, CL 300#, 4 INCH",31201509,3500
REC_2948,7,BPCL,"CL-300LB, SS316, 4 "", SPIRAL WOUND GASKET",31201509,3500
REC_2949,7,ONGC,"4 IN, SS316, 300LB, SPIRAL WOUND GASKET",31201509,3500
REC_2950,7,BPCL,"CL-300LB, 4 "", SPIRAL WOUND GASKET, SS316",31201509,3500
REC_2951,7,OIL,"100 MM, SPIRAL WOUND GASKET, CL-300, SS316",31201509,3500
REC_2952,7,IOCL,"4 "", CLASS 300, SS316, SPIRAL WOUND GASKET",31201509,3500
REC_2953,7,BPCL,"SS316, SPIRAL WOUND GASKET, 4 "", CL-300#",31201509,3500
REC_2954,7,ONGC,"SPIRAL WOUND GASKET, 100 MM, CLASS 300, SS316",31201509,3500
REC_2955,7,IOCL,"4 INCH, SPIRAL WOUND GASKET, SS316, 300",31201509,3500
REC_2956,7,OIL,"4 INCH, SPIRAL WOUND GASKET, 300#, SS316",31201509,3500
REC_2957,7,OIL,"SPIRAL WOUND GASKET, SS316, CL-300LB, 4 IN",31201509,3500
REC_2958,7,IOCL,"SS316, 100 MM, SPIRAL WOUND GASKET, CL 300",31201509,3500
REC_2959,7,IOCL,"SS316, SPIRAL WOUND GASKET, CLASS 300#, 100 MM",31201509,3500
REC_2960,7,OIL,"300, SPIRAL WOUND GASKET, SS316, 4 INCH",31201509,3500
REC_2961,7,IOCL,"SS316, 4 INCH, CLASS 300, SPIRAL WOUND GASKET",31201509,3500
REC_2962,7,BPCL,"4 "", SPIRAL WOUND GASKET, CLASS 300, SS316",31201509,3500
REC_2963,7,ONGC,"SPIRAL WOUND GASKET, SS316, 4 INCH, CLASS 300",31201509,3500
REC_2964,7,IOCL,"4 IN, CLASS 300LB, SS316, SPIRAL WOUND GASKET",31201509,3500
REC_2965,7,OIL,"SPIRAL WOUND GASKET, SS316, CL 300LB, 4 INCH",31201509,3500
REC_2966,7,OIL,"4 IN, SS316, 300, SPIRAL WOUND GASKET",31201509,3500
REC_2967,7,ONGC,"SS316, SPIRAL WOUND GASKET, 4 IN, CLASS 300",31201509,3500
REC_2968,7,IOCL,"4 "", CL-300#, SS316, SPIRAL WOUND GASKET",31201509,3500
REC_2969,7,BPCL,"CLASS 300, 4 "", SS316, SPIRAL WOUND GASKET",31201509,3500
REC_2970,7,IOCL,"CL 300, 4 INCH, SPIRAL WOUND GASKET, SS316",31201509,3500
REC_2971,7,ONGC,"SPIRAL WOUND GASKET, 4 IN, SS316, CL-300",31201509,3500
REC_2972,7,OIL,"CL-300, SPIRAL WOUND GASKET, 4 "", SS316",31201509,3500
REC_2973,7,ONGC,"SS316, 300LB, SPIRAL WOUND GASKET, 100 MM",31201509,3500
REC_2974,7,OIL,"SS316, SPIRAL WOUND GASKET, CL-300, 100 MM",31201509,3500
REC_2975,7,IOCL,"100 MM, SS316, CLASS 300LB, SPIRAL WOUND GASKET",31201509,3500
REC_2976,7,BPCL,"300#, SS316, SPIRAL WOUND GASKET, 4 """,31201509,3500
REC_2977,7,ONGC,"SS316, 300LB, SPIRAL WOUND GASKET, 4 IN",31201509,3500
REC_2978,7,ONGC,"4 "", SS316, CL 300LB, SPIRAL WOUND GASKET",31201509,3500
REC_2979,7,IOCL,"SS316, 4 "", CL 300LB, SPIRAL WOUND GASKET",31201509,3500
REC_2980,7,OIL,"CLASS 300, SPIRAL WOUND GASKET, 4 INCH, SS316",31201509,3500
REC_2981,7,OIL,"4 IN, SPIRAL WOUND GASKET, 300LB, SS316",31201509,3500
REC_2982,7,OIL,"SS316, 4 INCH, CLASS 300LB, SPIRAL WOUND GASKET",31201509,3500
REC_2983,7,BPCL,"CLASS 300#, 4 INCH, SPIRAL WOUND GASKET, SS316",31201509,3500
REC_2984,7,ONGC,"CLASS 300, SS316, SPIRAL WOUND GASKET, 4 """,31201509,3500
REC_2985,7,IOCL,"CLASS 300, SS316, SPIRAL WOUND GASKET, 4 IN",31201509,3500
REC_2986,7,BPCL,"SPIRAL WOUND GASKET, 100 MM, SS316, 300",31201509,3500
REC_2987,7,OIL,"SPIRAL WOUND GASKET, CL-300#, SS316, 100 MM",31201509,3500
REC_2988,7,ONGC,"CLASS 300, SS316, 4 "", SPIRAL WOUND GASKET",31201509,3500
REC_2989,7,ONGC,"SS316, 4 "", SPIRAL WOUND GASKET, CL 300LB",31201509,3500
REC_2990,7,OIL,"CLASS 300, SS316, SPIRAL WOUND GASKET, 4 """,31201509,3500
REC_2991,7,OIL,"SS316, 300, SPIRAL WOUND GASKET, 4 IN",31201509,3500
REC_2992,7,BPCL,"CLASS 300#, SPIRAL WOUND GASKET, 4 "", SS316",31201509,3500
REC_2993,7,IOCL,"SS316, SPIRAL WOUND GASKET, 4 IN, CL-300LB",31201509,3500
REC_2994,7,BPCL,"4 IN, SS316, 300, SPIRAL WOUND GASKET",31201509,3500
REC_2995,7,IOCL,"SPIRAL WOUND GASKET, 4 INCH, SS316, CL-300",31201509,3500
REC_2996,7,BPCL,"4 IN, 300, SS316, SPIRAL WOUND GASKET",31201509,3500
REC_2997,7,BPCL,"SS316, 4 INCH, SPIRAL WOUND GASKET, CLASS 300#",31201509,3500
REC_2998,7,OIL,"4 IN, SS316, SPIRAL WOUND GASKET, CLASS 300LB",31201509,3500
REC_2999,7,IOCL,"CL 300, 100 MM, SS316, SPIRAL WOUND GASKET",31201509,3500
REC_3000,7,ONGC,"SPIRAL WOUND GASKET, 100 MM, SS316, CL-300",31201509,3500
REC_3001,7,OIL,"CL-300LB, 4 IN, SS316, SPIRAL WOUND GASKET",31201509,3500
REC_3002,7,IOCL,"CL-300LB, 100 MM, SS316, SPIRAL WOUND GASKET",31201509,3500
REC_3003,7,IOCL,"4 INCH, SPIRAL WOUND GASKET, SS316, 300",31201509,3500
REC_3004,7,IOCL,"SPIRAL WOUND GASKET, CL-300, 4 "", SS316",31201509,3500
REC_3005,7,BPCL,"4 IN, SS316, SPIRAL WOUND GASKET, CLASS 300",31201509,3500
REC_3006,7,BPCL,"SPIRAL WOUND GASKET, CL-300, SS316, 4 INCH",31201509,3500
REC_3007,7,ONGC,"SS316, 4 IN, SPIRAL WOUND GASKET, CL 300LB",31201509,3500
REC_3008,7,IOCL,"SS316, 4 INCH, SPIRAL WOUND GASKET, 300",31201509,3500
REC_3009,7,ONGC,"CLASS 300, SPIRAL WOUND GASKET, SS316, 4 IN",31201509,3500
REC_3010,7,BPCL,"SPIRAL WOUND GASKET, SS316, 4 INCH, CL 300",31201509,3500
REC_3011,7,IOCL,"CLASS 300, 100 MM, SPIRAL WOUND GASKET, SS316",31201509,3500
REC_3012,7,ONGC,"4 INCH, SPIRAL WOUND GASKET, CL 300#, SS316",31201509,3500
REC_3013,7,IOCL,"SS316, 4 "", CLASS 300#, SPIRAL WOUND GASKET",31201509,3500
REC_3014,7,OIL,"SS316, SPIRAL WOUND GASKET, 4 INCH, 300#",31201509,3500
REC_3015,7,BPCL,"300LB, SS316, SPIRAL WOUND GASKET, 4 INCH",31201509,3500
REC_3016,7,OIL,"SS316, 4 INCH, CLASS 300LB, SPIRAL WOUND GASKET",31201509,3500
REC_3017,7,ONGC,"SS316, 300#, 4 INCH, SPIRAL WOUND GASKET",31201509,3500
REC_3018,7,IOCL,"CLASS 300, 4 INCH, SS316, SPIRAL WOUND GASKET",31201509,3500
REC_3019,7,IOCL,"SS316, 300LB, SPIRAL WOUND GASKET, 4 IN",31201509,3500
REC_3020,7,ONGC,"CLASS 300LB, SS316, 4 IN, SPIRAL WOUND GASKET",31201509,3500
REC_3021,7,ONGC,"SPIRAL WOUND GASKET, 100 MM, SS316, CL-300#",31201509,3500
REC_3022,7,BPCL,"SPIRAL WOUND GASKET, SS316, 4 INCH, 300",31201509,3500
REC_3023,7,BPCL,"SS316, 4 IN, 300, SPIRAL WOUND GASKET",31201509,3500
REC_3024,7,BPCL,"SPIRAL WOUND GASKET, SS316, CL 300#, 4 """,31201509,3500
REC_3025,7,OIL,"CL-300, SS316, 4 IN, SPIRAL WOUND GASKET",31201509,3500
REC_3026,7,IOCL,"4 IN, 300LB, SS316, SPIRAL WOUND GASKET",31201509,3500
REC_3027,7,ONGC,"SPIRAL WOUND GASKET, 4 IN, 300LB, SS316",31201509,3500
REC_3028,7,ONGC,"SPIRAL WOUND GASKET, 100 MM, SS316, CL-300LB",31201509,3500
REC_3029,7,BPCL,"100 MM, SPIRAL WOUND GASKET, CL 300#, SS316",31201509,3500
REC_3030,7,BPCL,"4 INCH, CL-300#, SS316, SPIRAL WOUND GASKET",31201509,3500
REC_3031,7,OIL,"CL-300, 4 "", SS316, SPIRAL WOUND GASKET",31201509,3500
REC_3032,7,IOCL,"SPIRAL WOUND GASKET, SS316, CL 300#, 4 """,31201509,3500
REC_3033,7,ONGC,"4 IN, CLASS 300LB, SS316, SPIRAL WOUND GASKET",31201509,3500
REC_3034,7,ONGC,"100 MM, SS316, SPIRAL WOUND GASKET, CL 300",31201509,3500
REC_3035,7,BPCL,"SPIRAL WOUND GASKET, 100 MM, 300, SS316",31201509,3500
REC_3036,7,ONGC,"CL 300LB, SPIRAL WOUND GASKET, SS316, 4 IN",31201509,3500
REC_3037,7,ONGC,"SS316, CL-300, 100 MM, SPIRAL WOUND GASKET",31201509,3500
REC_3038,7,OIL,"SS316, CLASS 300#, 100 MM, SPIRAL WOUND GASKET",31201509,3500
REC_3039,7,OIL,"SS316, CL-300, SPIRAL WOUND GASKET, 100 MM",31201509,3500
REC_3040,7,OIL,"4 IN, SS316, SPIRAL WOUND GASKET, CL-300",31201509,3500
REC_3041,7,ONGC,"4 INCH, CL 300, SPIRAL WOUND GASKET, SS316",31201509,3500
REC_3042,7,OIL,"300, SPIRAL WOUND GASKET, SS316, 4 IN",31201509,3500
REC_3043,7,BPCL,"SPIRAL WOUND GASKET, 4 INCH, SS316, CL 300LB",31201509,3500
REC_3044,7,OIL,"SPIRAL WOUND GASKET, CL-300#, 4 IN, SS316",31201509,3500
REC_3045,7,ONGC,"CLASS 300#, SPIRAL WOUND GASKET, SS316, 4 """,31201509,3500
REC_3046,7,ONGC,"SPIRAL WOUND GASKET, 4 "", SS316, 300#",31201509,3500
REC_3047,7,IOCL,"300#, SS316, SPIRAL WOUND GASKET, 4 IN",31201509,3500
REC_3048,7,IOCL,"4 "", CLASS 300, SS316, SPIRAL WOUND GASKET",31201509,3500
REC_3049,7,OIL,"SPIRAL WOUND GASKET, 4 "", SS316, CLASS 300",31201509,3500
REC_3050,7,BPCL,"4 IN, 300, SPIRAL WOUND GASKET, SS316",31201509,3500
REC_3051,7,ONGC,"CL 300LB, 4 "", SPIRAL WOUND GASKET, SS316",31201509,3500
REC_3052,7,IOCL,"CL 300LB, SS316, SPIRAL WOUND GASKET, 4 INCH",31201509,3500
REC_3053,7,IOCL,"4 IN, SPIRAL WOUND GASKET, CL-300, SS316",31201509,3500
REC_3054,7,IOCL,"300, SS316, SPIRAL WOUND GASKET, 4 INCH",31201509,3500
REC_3055,7,IOCL,"100 MM, SS316, SPIRAL WOUND GASKET, CL-300",31201509,3500
REC_3056,7,OIL,"CL-300, SS316, SPIRAL WOUND GASKET, 100 MM",31201509,3500
REC_3057,7,OIL,"4 "", SPIRAL WOUND GASKET, SS316, CLASS 300LB",31201509,3500
REC_3058,7,IOCL,"CL 300#, SS316, 4 "", SPIRAL WOUND GASKET",31201509,3500
REC_3059,7,IOCL,"SS316, CL 300, 4 IN, SPIRAL WOUND GASKET",31201509,3500
REC_3060,7,BPCL,"100 MM, SPIRAL WOUND GASKET, CL-300#, SS316",31201509,3500
REC_3061,7,ONGC,"SPIRAL WOUND GASKET, SS316, CL 300, 100 MM",31201509,3500
REC_3062,7,IOCL,"CL 300#, 4 IN, SPIRAL WOUND GASKET, SS316",31201509,3500
REC_3063,7,OIL,"SPIRAL WOUND GASKET, 300#, SS316, 4 INCH",31201509,3500
REC_3064,7,ONGC,"SPIRAL WOUND GASKET, CL-300, 4 IN, SS316",31201509,3500
REC_3065,7,IOCL,"4 "", SS316, SPIRAL WOUND GASKET, 300#",31201509,3500
REC_3066,7,OIL,"SPIRAL WOUND GASKET, SS316, 100 MM, 300#",31201509,3500
REC_3067,7,BPCL,"100 MM, CL-300#, SPIRAL WOUND GASKET, SS316",31201509,3500
REC_3068,7,IOCL,"4 IN, SPIRAL WOUND GASKET, CLASS 300#, SS316",31201509,3500
REC_3069,7,ONGC,"300#, SPIRAL WOUND GASKET, SS316, 4 IN",31201509,3500
REC_3070,7,ONGC,"CL 300LB, SS316, SPIRAL WOUND GASKET, 4 """,31201509,3500
REC_3071,7,BPCL,"SS316, 4 "", 300#, SPIRAL WOUND GASKET",31201509,3500
REC_3072,7,IOCL,"SPIRAL WOUND GASKET, CL 300, 4 IN, SS316",31201509,3500
REC_3073,7,ONGC,"SPIRAL WOUND GASKET, 4 INCH, SS316, CL 300LB",31201509,3500
REC_3074,7,BPCL,"4 INCH, SS316, SPIRAL WOUND GASKET, CL-300LB",31201509,3500
REC_3075,7,BPCL,"100 MM, SS316, CL 300#, SPIRAL WOUND GASKET",31201509,3500
REC_3076,7,IOCL,"SS316, CLASS 300, SPIRAL WOUND GASKET, 4 IN",31201509,3500
REC_3077,7,ONGC,"4 INCH, CL-300LB, SS316, SPIRAL WOUND GASKET",31201509,3500
REC_3078,7,IOCL,"4 INCH, CL-300, SS316, SPIRAL WOUND GASKET",31201509,3500
REC_3079,7,BPCL,"CL-300, SS316, 4 "", SPIRAL WOUND GASKET",31201509,3500
REC_3080,7,IOCL,"SS316, 4 IN, CL-300LB, SPIRAL WOUND GASKET",31201509,3500
REC_3081,7,BPCL,"CL-300LB, SS316, SPIRAL WOUND GASKET, 4 INCH",31201509,3500
REC_3082,7,IOCL,"SPIRAL WOUND GASKET, CL-300LB, 4 "", SS316",31201509,3500
REC_3083,7,ONGC,"SS316, CL-300#, 4 INCH, SPIRAL WOUND GASKET",31201509,3500
REC_3084,7,OIL,"SS316, SPIRAL WOUND GASKET, 100 MM, 300LB",31201509,3500
REC_3085,7,IOCL,"4 INCH, SS316, SPIRAL WOUND GASKET, CL-300#",31201509,3500
REC_3086,7,IOCL,"CLASS 300#, SPIRAL WOUND GASKET, 4 INCH, SS316",31201509,3500
REC_3087,7,IOCL,"SS316, 4 "", SPIRAL WOUND GASKET, CLASS 300",31201509,3500
REC_3088,7,IOCL,"300, SPIRAL WOUND GASKET, SS316, 4 """,31201509,3500
REC_3089,7,BPCL,"SS316, CL 300LB, SPIRAL WOUND GASKET, 4 """,31201509,3500
REC_3090,7,IOCL,"4 INCH, SPIRAL WOUND GASKET, SS316, CLASS 300LB",31201509,3500
REC_3091,7,IOCL,"CLASS 300, SS316, 4 IN, SPIRAL WOUND GASKET",31201509,3500
REC_3092,7,BPCL,"SPIRAL WOUND GASKET, SS316, CL 300#, 4 """,31201509,3500
REC_3093,7,IOCL,"SS316, 300#, SPIRAL WOUND GASKET, 100 MM",31201509,3500
REC_3094,7,ONGC,"300, 4 IN, SS316, SPIRAL WOUND GASKET",31201509,3500
REC_3095,7,IOCL,"CL-300LB, SS316, SPIRAL WOUND GASKET, 4 """,31201509,3500
REC_3096,7,ONGC,"SS316, CL-300#, 4 "", SPIRAL WOUND GASKET",31201509,3500
REC_3097,7,OIL,"SS316, 4 "", 300#, SPIRAL WOUND GASKET",31201509,3500
REC_3098,7,ONGC,"4 IN, SPIRAL WOUND GASKET, CLASS 300#, SS316",31201509,3500
REC_3099,7,IOCL,"CL-300#, SS316, 100 MM, SPIRAL WOUND GASKET",31201509,3500
REC_3100,7,OIL,"CLASS 300#, SS316, SPIRAL WOUND GASKET, 100 MM",31201509,3500
REC_3101,7,BPCL,"4 "", SS316, 300LB, SPIRAL WOUND GASKET",31201509,3500
REC_3102,7,ONGC,"SS316, 4 "", CLASS 300#, SPIRAL WOUND GASKET",31201509,3500
REC_3103,7,BPCL,"SPIRAL WOUND GASKET, SS316, CLASS 300, 4 IN",31201509,3500
REC_3104,7,ONGC,"SS316, 300#, 4 "", SPIRAL WOUND GASKET",31201509,3500
REC_3105,7,ONGC,"SS316, CL 300LB, SPIRAL WOUND GASKET, 4 """,31201509,3500
REC_3106,7,BPCL,"CLASS 300LB, SS316, 4 IN, SPIRAL WOUND GASKET",31201509,3500
REC_3107,7,OIL,"SPIRAL WOUND GASKET, 4 INCH, CLASS 300, SS316",31201509,3500
REC_3108,7,ONGC,"SPIRAL WOUND GASKET, CLASS 300#, 4 IN, SS316",31201509,3500
REC_3109,7,OIL,"CL-300, 4 "", SPIRAL WOUND GASKET, SS316",31201509,3500
REC_3110,7,OIL,"SS316, SPIRAL WOUND GASKET, 4 IN, CL-300",31201509,3500
REC_3111,7,IOCL,"CLASS 300, SPIRAL WOUND GASKET, SS316, 4 IN",31201509,3500
REC_3112,7,ONGC,"4 IN, SPIRAL WOUND GASKET, SS316, CLASS 300#",31201509,3500
REC_3113,7,ONGC,"4 "", SS316, CL 300LB, SPIRAL WOUND GASKET",31201509,3500
REC_3114,7,OIL,"4 INCH, SS316, SPIRAL WOUND GASKET, CL-300#",31201509,3500
REC_3115,7,OIL,"CL 300LB, SS316, SPIRAL WOUND GASKET, 100 MM",31201509,3500
REC_3116,7,BPCL,"4 INCH, SPIRAL WOUND GASKET, CL 300LB, SS316",31201509,3500
REC_3117,7,OIL,"4 INCH, CLASS 300#, SPIRAL WOUND GASKET, SS316",31201509,3500
REC_3118,7,ONGC,"CL-300, SPIRAL WOUND GASKET, 4 INCH, SS316",31201509,3500
REC_3119,7,ONGC,"100 MM, CLASS 300, SS316, SPIRAL WOUND GASKET",31201509,3500
REC_3120,7,BPCL,"4 "", SPIRAL WOUND GASKET, SS316, CL 300LB",31201509,3500
REC_3121,7,IOCL,"SS316, 4 INCH, 300LB, SPIRAL WOUND GASKET",31201509,3500
REC_3122,7,OIL,"100 MM, SPIRAL WOUND GASKET, SS316, 300",31201509,3500
REC_3123,7,ONGC,"100 MM, SPIRAL WOUND GASKET, CLASS 300, SS316",31201509,3500
REC_3124,7,BPCL,"4 INCH, SS316, 300, SPIRAL WOUND GASKET",31201509,3500
REC_3125,7,OIL,"SPIRAL WOUND GASKET, CLASS 300LB, SS316, 4 IN",31201509,3500
REC_3126,7,IOCL,"4 INCH, SPIRAL WOUND GASKET, SS316, CLASS 300#",31201509,3500
REC_3127,7,OIL,"100 MM, SPIRAL WOUND GASKET, SS316, 300#",31201509,3500
REC_3128,7,IOCL,"4 INCH, SS316, SPIRAL WOUND GASKET, CL 300LB",31201509,3500
REC_3129,7,IOCL,"300#, SS316, 4 INCH, SPIRAL WOUND GASKET",31201509,3500
REC_3130,7,ONGC,"SS316, SPIRAL WOUND GASKET, 4 INCH, CLASS 300LB",31201509,3500
REC_3131,7,BPCL,"SPIRAL WOUND GASKET, CL 300LB, 100 MM, SS316",31201509,3500
REC_3132,7,ONGC,"SPIRAL WOUND GASKET, SS316, 100 MM, CL 300",31201509,3500
REC_3133,7,OIL,"SS316, CL 300LB, SPIRAL WOUND GASKET, 4 IN",31201509,3500
REC_3134,7,BPCL,"SPIRAL WOUND GASKET, 100 MM, CL-300LB, SS316",31201509,3500
REC_3135,7,IOCL,"4 "", 300, SPIRAL WOUND GASKET, SS316",31201509,3500
REC_3136,7,IOCL,"SS316, SPIRAL WOUND GASKET, CL 300#, 100 MM",31201509,3500
REC_3137,7,ONGC,"SS316, 100 MM, SPIRAL WOUND GASKET, CLASS 300LB",31201509,3500
REC_3138,7,IOCL,"100 MM, SPIRAL WOUND GASKET, CL 300#, SS316",31201509,3500
REC_3139,7,IOCL,"4 INCH, CLASS 300#, SS316, SPIRAL WOUND GASKET",31201509,3500
REC_3140,7,IOCL,"100 MM, SPIRAL WOUND GASKET, SS316, CLASS 300LB",31201509,3500
REC_3141,7,OIL,"300LB, SS316, 4 "", SPIRAL WOUND GASKET",31201509,3500
REC_3142,7,OIL,"CLASS 300#, SPIRAL WOUND GASKET, SS316, 100 MM",31201509,3500
REC_3143,7,OIL,"SS316, SPIRAL WOUND GASKET, 4 "", 300#",31201509,3500
REC_3144,7,ONGC,"CLASS 300, SS316, 4 INCH, SPIRAL WOUND GASKET",31201509,3500
REC_3145,7,OIL,"CL-300LB, SS316, SPIRAL WOUND GASKET, 4 INCH",31201509,3500
REC_3146,7,BPCL,"SPIRAL WOUND GASKET, SS316, 4 INCH, CL 300#",31201509,3500
REC_3147,7,BPCL,"300, SS316, SPIRAL WOUND GASKET, 4 INCH",31201509,3500
REC_3148,7,IOCL,"4 IN, SPIRAL WOUND GASKET, SS316, CLASS 300LB",31201509,3500
REC_3149,7,ONGC,"100 MM, SPIRAL WOUND GASKET, CL-300, SS316",31201509,3500
REC_3150,7,ONGC,"SS316, CLASS 300, SPIRAL WOUND GASKET, 4 IN",31201509,3500
REC_3151,7,BPCL,"4 "", SS316, SPIRAL WOUND GASKET, CL 300#",31201509,3500
REC_3152,7,BPCL,"4 INCH, SPIRAL WOUND GASKET, SS316, CL-300#",31201509,3500
REC_3153,7,BPCL,"SS316, SPIRAL WOUND GASKET, CL-300LB, 4 IN",31201509,3500
REC_3154,7,IOCL,"SPIRAL WOUND GASKET, 4 "", SS316, CLASS 300LB",31201509,3500
REC_3155,7,IOCL,"SPIRAL WOUND GASKET, 100 MM, 300LB, SS316",31201509,3500
REC_3156,7,BPCL,"4 INCH, SPIRAL WOUND GASKET, CL-300, SS316",31201509,3500
REC_3157,7,ONGC,"4 IN, CL 300#, SPIRAL WOUND GASKET, SS316",31201509,3500
REC_3158,7,OIL,"SPIRAL WOUND GASKET, 100 MM, SS316, 300",31201509,3500
REC_3159,7,OIL,"SS316, SPIRAL WOUND GASKET, CLASS 300, 4 """,31201509,3500
REC_3160,7,BPCL,"300LB, SS316, SPIRAL WOUND GASKET, 100 MM",31201509,3500
REC_3161,7,ONGC,"SPIRAL WOUND GASKET, CL-300#, SS316, 4 INCH",31201509,3500
REC_3162,7,OIL,"CL 300#, 4 IN, SS316, SPIRAL WOUND GASKET",31201509,3500
REC_3163,7,IOCL,"100 MM, CL-300#, SS316, SPIRAL WOUND GASKET",31201509,3500
REC_3164,7,OIL,"CL 300#, SS316, SPIRAL WOUND GASKET, 4 IN",31201509,3500
REC_3165,7,IOCL,"SS316, SPIRAL WOUND GASKET, 4 "", CLASS 300LB",31201509,3500
REC_3166,7,IOCL,"4 "", SS316, SPIRAL WOUND GASKET, CLASS 300",31201509,3500
REC_3167,7,IOCL,"4 INCH, CLASS 300#, SPIRAL WOUND GASKET, SS316",31201509,3500
REC_3168,7,BPCL,"CL 300, SS316, 4 INCH, SPIRAL WOUND GASKET",31201509,3500
REC_3169,7,ONGC,"4 IN, SPIRAL WOUND GASKET, 300LB, SS316",31201509,3500
REC_3170,7,IOCL,"4 "", SS316, SPIRAL WOUND GASKET, CL 300LB",31201509,3500
REC_3171,7,BPCL,"SS316, CLASS 300LB, 4 INCH, SPIRAL WOUND GASKET",31201509,3500
REC_3172,7,IOCL,"100 MM, CLASS 300LB, SPIRAL WOUND GASKET, SS316",31201509,3500
REC_3173,7,IOCL,"100 MM, CL 300, SS316, SPIRAL WOUND GASKET",31201509,3500
REC_3174,7,BPCL,"SPIRAL WOUND GASKET, 4 "", SS316, 300#",31201509,3500
REC_3175,7,ONGC,"SPIRAL WOUND GASKET, SS316, CL 300LB, 4 """,31201509,3500
REC_3176,7,OIL,"SS316, 4 INCH, SPIRAL WOUND GASKET, CLASS 300",31201509,3500
REC_3177,7,ONGC,"CLASS 300, SS316, 4 "", SPIRAL WOUND GASKET",31201509,3500
REC_3178,7,IOCL,"CLASS 300#, SPIRAL WOUND GASKET, 4 INCH, SS316",31201509,3500
REC_3179,7,ONGC,"100 MM, SS316, CL-300#, SPIRAL WOUND GASKET",31201509,3500
REC_3180,7,ONGC,"SS316, CL-300LB, 4 INCH, SPIRAL WOUND GASKET",31201509,3500
REC_3181,7,IOCL,"SPIRAL WOUND GASKET, 4 INCH, CLASS 300LB, SS316",31201509,3500
REC_3182,7,IOCL,"100 MM, 300, SS316, SPIRAL WOUND GASKET",31201509,3500
REC_3183,7,ONGC,"4 INCH, CL-300#, SS316, SPIRAL WOUND GASKET",31201509,3500
REC_3184,7,BPCL,"SS316, SPIRAL WOUND GASKET, 4 "", CLASS 300#",31201509,3500
REC_3185,7,OIL,"SS316, 300, 4 IN, SPIRAL WOUND GASKET",31201509,3500
REC_3186,7,BPCL,"SPIRAL WOUND GASKET, 4 INCH, CL 300, SS316",31201509,3500
REC_3187,7,BPCL,"CLASS 300, SS316, SPIRAL WOUND GASKET, 100 MM",31201509,3500
REC_3188,7,OIL,"SS316, 4 INCH, CL 300, SPIRAL WOUND GASKET",31201509,3500
REC_3189,7,OIL,"CL 300LB, SS316, SPIRAL WOUND GASKET, 4 INCH",31201509,3500
REC_3190,7,BPCL,"SPIRAL WOUND GASKET, 100 MM, CL-300, SS316",31201509,3500
REC_3191,7,IOCL,"SPIRAL WOUND GASKET, 4 "", CL-300#, SS316",31201509,3500
REC_3192,7,OIL,"CL 300LB, 4 "", SPIRAL WOUND GASKET, SS316",31201509,3500
REC_3193,7,IOCL,"CL 300#, 4 "", SS316, SPIRAL WOUND GASKET",31201509,3500
REC_3194,7,IOCL,"SS316, SPIRAL WOUND GASKET, CL 300LB, 4 IN",31201509,3500
REC_3195,7,IOCL,"CL 300, SS316, SPIRAL WOUND GASKET, 4 INCH",31201509,3500
REC_3196,7,IOCL,"SS316, 100 MM, 300, SPIRAL WOUND GASKET",31201509,3500
REC_3197,7,BPCL,"SPIRAL WOUND GASKET, 4 "", 300, SS316",31201509,3500
REC_3198,7,OIL,"SPIRAL WOUND GASKET, SS316, CLASS 300LB, 4 IN",31201509,3500
REC_3199,7,OIL,"4 INCH, CL 300LB, SS316, SPIRAL WOUND GASKET",31201509,3500
REC_3200,7,ONGC,"SS316, 4 IN, CL 300#, SPIRAL WOUND GASKET",31201509,3500
REC_3201,7,BPCL,"SS316, CLASS 300#, SPIRAL WOUND GASKET, 4 """,31201509,3500
REC_3202,7,BPCL,"SS316, SPIRAL WOUND GASKET, CLASS 300LB, 4 IN",31201509,3500
REC_3203,7,ONGC,"SS316, SPIRAL WOUND GASKET, 4 "", CLASS 300#",31201509,3500
REC_3204,7,OIL,"CL-300, 4 INCH, SPIRAL WOUND GASKET, SS316",31201509,3500
REC_3205,7,OIL,"CLASS 300#, SS316, 100 MM, SPIRAL WOUND GASKET",31201509,3500
REC_3206,7,IOCL,"SPIRAL WOUND GASKET, CL 300LB, 100 MM, SS316",31201509,3500
REC_3207,7,BPCL,"CL-300#, SPIRAL WOUND GASKET, SS316, 4 """,31201509,3500
REC_3208,7,IOCL,"4 INCH, SPIRAL WOUND GASKET, CL 300LB, SS316",31201509,3500
REC_3209,7,IOCL,"4 IN, SS316, SPIRAL WOUND GASKET, CL 300LB",31201509,3500
REC_3210,7,OIL,"4 INCH, SS316, SPIRAL WOUND GASKET, CLASS 300",31201509,3500
REC_3211,7,OIL,"300#, SPIRAL WOUND GASKET, 4 "", SS316",31201509,3500
REC_3212,7,OIL,"SPIRAL WOUND GASKET, SS316, 4 "", CL-300#",31201509,3500
REC_3213,7,IOCL,"CL 300#, 4 "", SPIRAL WOUND GASKET, SS316",31201509,3500
REC_3214,7,OIL,"300LB, 4 IN, SPIRAL WOUND GASKET, SS316",31201509,3500
REC_3215,7,BPCL,"SS316, CLASS 300, SPIRAL WOUND GASKET, 4 """,31201509,3500
REC_3216,7,IOCL,"4 INCH, SS316, 300, SPIRAL WOUND GASKET",31201509,3500
REC_3217,7,IOCL,"4 "", SS316, CL-300LB, SPIRAL WOUND GASKET",31201509,3500
REC_3218,7,IOCL,"SS316, 4 INCH, SPIRAL WOUND GASKET, CL 300#",31201509,3500
REC_3219,7,IOCL,"4 "", SPIRAL WOUND GASKET, CL 300#, SS316",31201509,3500
REC_3220,7,BPCL,"300#, SS316, 4 INCH, SPIRAL WOUND GASKET",31201509,3500
REC_3221,7,IOCL,"4 "", CLASS 300, SS316, SPIRAL WOUND GASKET",31201509,3500
REC_3222,7,ONGC,"SPIRAL WOUND GASKET, 100 MM, SS316, CL 300",31201509,3500
REC_3223,7,ONGC,"4 INCH, SPIRAL WOUND GASKET, CL-300LB, SS316",31201509,3500
REC_3224,7,OIL,"4 IN, 300, SPIRAL WOUND GASKET, SS316",31201509,3500
REC_3225,7,IOCL,"CLASS 300#, SPIRAL WOUND GASKET, 100 MM, SS316",31201509,3500
REC_3226,7,OIL,"SS316, 4 IN, SPIRAL WOUND GASKET, CL 300#",31201509,3500
REC_3227,7,BPCL,"CL-300LB, SS316, 4 INCH, SPIRAL WOUND GASKET",31201509,3500
REC_3228,7,OIL,"SPIRAL WOUND GASKET, SS316, CL-300#, 4 """,31201509,3500
REC_3229,7,IOCL,"CL 300, 4 "", SS316, SPIRAL WOUND GASKET",31201509,3500
REC_3230,7,IOCL,"4 INCH, CLASS 300, SPIRAL WOUND GASKET, SS316",31201509,3500
REC_3231,7,OIL,"CLASS 300LB, SS316, SPIRAL WOUND GASKET, 4 """,31201509,3500
REC_3232,7,BPCL,"CLASS 300LB, SS316, SPIRAL WOUND GASKET, 4 INCH",31201509,3500
REC_3233,7,ONGC,"SS316, SPIRAL WOUND GASKET, CL 300#, 4 INCH",31201509,3500
REC_3234,7,IOCL,"SS316, 300, SPIRAL WOUND GASKET, 4 IN",31201509,3500
REC_3235,7,ONGC,"100 MM, SS316, SPIRAL WOUND GASKET, CL-300#",31201509,3500
REC_3236,7,BPCL,"SS316, SPIRAL WOUND GASKET, CL 300#, 4 IN",31201509,3500
REC_3237,7,IOCL,"4 IN, SPIRAL WOUND GASKET, SS316, CL 300",31201509,3500
REC_3238,7,BPCL,"SS316, 4 "", SPIRAL WOUND GASKET, CL 300",31201509,3500
REC_3239,7,BPCL,"SPIRAL WOUND GASKET, 4 "", SS316, 300",31201509,3500
REC_3240,8,OIL,"CARBON STEEL, SCH 80, 10 "", SEAMLESS PIPE",40172605,85000
REC_3241,8,ONGC,"SEAMLESS PIPE, SCH 80, CS, 10 IN",40172605,85000
REC_3242,8,OIL,"10 INCH, SCH 80, CARBON STEEL, SEAMLESS PIPE",40172605,85000
REC_3243,8,OIL,"SEAMLESS PIPE, SCH 80, CS, 10 IN",40172605,85000
REC_3244,8,OIL,"SCH 80, 10 IN, SEAMLESS PIPE, CS",40172605,85000
REC_3245,8,BPCL,"SCH 80, SEAMLESS PIPE, CARBON STEEL, 10 IN",40172605,85000
REC_3246,8,IOCL,"10 IN, SCH 80, CARBON STEEL, SEAMLESS PIPE",40172605,85000
REC_3247,8,IOCL,"10 IN, SEAMLESS PIPE, SCH 80, CS",40172605,85000
REC_3248,8,OIL,"10 IN, SCH 80, SEAMLESS PIPE, CS",40172605,85000
REC_3249,8,OIL,"SCH 80, C.S., 10 INCH, SEAMLESS PIPE",40172605,85000
REC_3250,8,IOCL,"CARBON STEEL, SCH 80, 10 IN, SEAMLESS PIPE",40172605,85000
REC_3251,8,ONGC,"10 IN, SCH 80, CARBON STEEL, SEAMLESS PIPE",40172605,85000
REC_3252,8,OIL,"C.S., SCH 80, 10 "", SEAMLESS PIPE",40172605,85000
REC_3253,8,ONGC,"SCH 80, CARBON STEEL, SEAMLESS PIPE, 10 INCH",40172605,85000
REC_3254,8,BPCL,"C.S., SEAMLESS PIPE, 10 IN, SCH 80",40172605,85000
REC_3255,8,OIL,"10 "", SCH 80, CS, SEAMLESS PIPE",40172605,85000
REC_3256,8,BPCL,"C.S., 10 IN, SEAMLESS PIPE, SCH 80",40172605,85000
REC_3257,8,OIL,"SCH 80, 10 IN, SEAMLESS PIPE, CS",40172605,85000
REC_3258,8,BPCL,"CARBON STEEL, SEAMLESS PIPE, 10 INCH, SCH 80",40172605,85000
REC_3259,8,BPCL,"SCH 80, C.S., 10 IN, SEAMLESS PIPE",40172605,85000
REC_3260,8,OIL,"CS, SEAMLESS PIPE, SCH 80, 10 IN",40172605,85000
REC_3261,8,IOCL,"SEAMLESS PIPE, SCH 80, CS, 10 INCH",40172605,85000
REC_3262,8,BPCL,"SCH 80, 10 INCH, C.S., SEAMLESS PIPE",40172605,85000
REC_3263,8,IOCL,"10 IN, SEAMLESS PIPE, SCH 80, CS",40172605,85000
REC_3264,8,ONGC,"SEAMLESS PIPE, SCH 80, CS, 10 INCH",40172605,85000
REC_3265,8,ONGC,"SCH 80, CARBON STEEL, SEAMLESS PIPE, 10 IN",40172605,85000
REC_3266,8,BPCL,"SCH 80, 10 IN, CS, SEAMLESS PIPE",40172605,85000
REC_3267,8,ONGC,"SEAMLESS PIPE, 10 IN, CS, SCH 80",40172605,85000
REC_3268,8,BPCL,"SEAMLESS PIPE, 10 IN, SCH 80, CARBON STEEL",40172605,85000
REC_3269,8,OIL,"SEAMLESS PIPE, CS, 10 INCH, SCH 80",40172605,85000
REC_3270,8,ONGC,"SCH 80, CS, SEAMLESS PIPE, 10 IN",40172605,85000
REC_3271,8,BPCL,"SEAMLESS PIPE, 10 INCH, SCH 80, CARBON STEEL",40172605,85000
REC_3272,8,IOCL,"SEAMLESS PIPE, 10 INCH, SCH 80, CS",40172605,85000
REC_3273,8,ONGC,"SCH 80, CARBON STEEL, 10 INCH, SEAMLESS PIPE",40172605,85000
REC_3274,8,OIL,"CARBON STEEL, SEAMLESS PIPE, SCH 80, 10 IN",40172605,85000
REC_3275,8,BPCL,"C.S., SEAMLESS PIPE, SCH 80, 10 """,40172605,85000
REC_3276,8,BPCL,"CARBON STEEL, 10 INCH, SEAMLESS PIPE, SCH 80",40172605,85000
REC_3277,8,OIL,"SCH 80, C.S., 10 "", SEAMLESS PIPE",40172605,85000
REC_3278,8,OIL,"CS, 10 IN, SEAMLESS PIPE, SCH 80",40172605,85000
REC_3279,8,BPCL,"SEAMLESS PIPE, CS, SCH 80, 10 IN",40172605,85000
REC_3280,8,BPCL,"C.S., SCH 80, 10 INCH, SEAMLESS PIPE",40172605,85000
REC_3281,8,OIL,"C.S., SCH 80, SEAMLESS PIPE, 10 """,40172605,85000
REC_3282,8,ONGC,"SCH 80, SEAMLESS PIPE, 10 IN, CS",40172605,85000
REC_3283,8,OIL,"SCH 80, 10 IN, CS, SEAMLESS PIPE",40172605,85000
REC_3284,8,OIL,"10 IN, SEAMLESS PIPE, SCH 80, C.S.",40172605,85000
REC_3285,8,IOCL,"CS, SCH 80, SEAMLESS PIPE, 10 """,40172605,85000
REC_3286,8,OIL,"CARBON STEEL, 10 INCH, SEAMLESS PIPE, SCH 80",40172605,85000
REC_3287,8,OIL,"SCH 80, CS, SEAMLESS PIPE, 10 """,40172605,85000
REC_3288,8,IOCL,"SEAMLESS PIPE, SCH 80, CARBON STEEL, 10 IN",40172605,85000
REC_3289,8,OIL,"C.S., 10 "", SEAMLESS PIPE, SCH 80",40172605,85000
REC_3290,8,OIL,"SCH 80, C.S., SEAMLESS PIPE, 10 INCH",40172605,85000
REC_3291,8,ONGC,"C.S., SCH 80, SEAMLESS PIPE, 10 IN",40172605,85000
REC_3292,8,BPCL,"SCH 80, C.S., SEAMLESS PIPE, 10 IN",40172605,85000
REC_3293,8,ONGC,"CS, SEAMLESS PIPE, 10 IN, SCH 80",40172605,85000
REC_3294,8,IOCL,"10 IN, CS, SEAMLESS PIPE, SCH 80",40172605,85000
REC_3295,8,OIL,"CS, 10 IN, SCH 80, SEAMLESS PIPE",40172605,85000
REC_3296,8,IOCL,"SCH 80, SEAMLESS PIPE, C.S., 10 INCH",40172605,85000
REC_3297,8,ONGC,"C.S., 10 IN, SEAMLESS PIPE, SCH 80",40172605,85000
REC_3298,8,ONGC,"SCH 80, CS, SEAMLESS PIPE, 10 INCH",40172605,85000
REC_3299,8,IOCL,"10 "", SEAMLESS PIPE, SCH 80, C.S.",40172605,85000
REC_3300,8,OIL,"C.S., 10 IN, SEAMLESS PIPE, SCH 80",40172605,85000
REC_3301,8,OIL,"10 INCH, C.S., SEAMLESS PIPE, SCH 80",40172605,85000
REC_3302,8,IOCL,"10 "", CARBON STEEL, SCH 80, SEAMLESS PIPE",40172605,85000
REC_3303,8,ONGC,"10 INCH, SCH 80, SEAMLESS PIPE, CS",40172605,85000
REC_3304,8,IOCL,"SCH 80, 10 IN, CARBON STEEL, SEAMLESS PIPE",40172605,85000
REC_3305,8,ONGC,"SCH 80, SEAMLESS PIPE, 10 IN, C.S.",40172605,85000
REC_3306,8,BPCL,"10 INCH, SEAMLESS PIPE, SCH 80, CARBON STEEL",40172605,85000
REC_3307,8,OIL,"10 "", SCH 80, SEAMLESS PIPE, CARBON STEEL",40172605,85000
REC_3308,8,BPCL,"SCH 80, 10 INCH, CARBON STEEL, SEAMLESS PIPE",40172605,85000
REC_3309,8,OIL,"CARBON STEEL, SCH 80, SEAMLESS PIPE, 10 INCH",40172605,85000
REC_3310,8,IOCL,"SCH 80, SEAMLESS PIPE, CS, 10 IN",40172605,85000
REC_3311,8,IOCL,"10 IN, SCH 80, SEAMLESS PIPE, CS",40172605,85000
REC_3312,8,OIL,"C.S., SEAMLESS PIPE, 10 IN, SCH 80",40172605,85000
REC_3313,8,ONGC,"10 IN, CS, SEAMLESS PIPE, SCH 80",40172605,85000
REC_3314,8,OIL,"SCH 80, CARBON STEEL, 10 IN, SEAMLESS PIPE",40172605,85000
REC_3315,8,ONGC,"10 IN, SCH 80, SEAMLESS PIPE, CARBON STEEL",40172605,85000
REC_3316,8,IOCL,"10 IN, SCH 80, SEAMLESS PIPE, CARBON STEEL",40172605,85000
REC_3317,8,IOCL,"CS, SCH 80, 10 IN, SEAMLESS PIPE",40172605,85000
REC_3318,8,BPCL,"SEAMLESS PIPE, CARBON STEEL, 10 IN, SCH 80",40172605,85000
REC_3319,8,IOCL,"SEAMLESS PIPE, CS, 10 "", SCH 80",40172605,85000
REC_3320,8,BPCL,"SEAMLESS PIPE, 10 IN, CARBON STEEL, SCH 80",40172605,85000
REC_3321,8,BPCL,"10 "", SEAMLESS PIPE, CARBON STEEL, SCH 80",40172605,85000
REC_3322,8,BPCL,"SCH 80, SEAMLESS PIPE, 10 INCH, CS",40172605,85000
REC_3323,8,ONGC,"10 IN, SEAMLESS PIPE, CS, SCH 80",40172605,85000
REC_3324,8,ONGC,"CS, 10 IN, SEAMLESS PIPE, SCH 80",40172605,85000
REC_3325,8,OIL,"C.S., 10 "", SCH 80, SEAMLESS PIPE",40172605,85000
REC_3326,8,BPCL,"10 "", SEAMLESS PIPE, CS, SCH 80",40172605,85000
REC_3327,8,ONGC,"SEAMLESS PIPE, 10 INCH, SCH 80, CS",40172605,85000
REC_3328,8,ONGC,"SEAMLESS PIPE, SCH 80, 10 INCH, CARBON STEEL",40172605,85000
REC_3329,8,BPCL,"10 IN, SEAMLESS PIPE, SCH 80, CARBON STEEL",40172605,85000
REC_3330,8,ONGC,"C.S., SEAMLESS PIPE, 10 IN, SCH 80",40172605,85000
REC_3331,8,BPCL,"CARBON STEEL, SCH 80, SEAMLESS PIPE, 10 IN",40172605,85000
REC_3332,8,ONGC,"SEAMLESS PIPE, SCH 80, C.S., 10 IN",40172605,85000
REC_3333,8,IOCL,"10 IN, CS, SEAMLESS PIPE, SCH 80",40172605,85000
REC_3334,8,OIL,"SEAMLESS PIPE, 10 "", SCH 80, CARBON STEEL",40172605,85000
REC_3335,8,OIL,"SCH 80, SEAMLESS PIPE, 10 INCH, C.S.",40172605,85000
REC_3336,8,OIL,"SEAMLESS PIPE, 10 "", SCH 80, CS",40172605,85000
REC_3337,8,BPCL,"10 IN, CS, SCH 80, SEAMLESS PIPE",40172605,85000
REC_3338,8,BPCL,"SEAMLESS PIPE, CS, 10 "", SCH 80",40172605,85000
REC_3339,8,BPCL,"CS, 10 IN, SEAMLESS PIPE, SCH 80",40172605,85000
REC_3340,8,IOCL,"SCH 80, 10 IN, SEAMLESS PIPE, CS",40172605,85000
REC_3341,8,BPCL,"SEAMLESS PIPE, SCH 80, CARBON STEEL, 10 IN",40172605,85000
REC_3342,8,IOCL,"SCH 80, SEAMLESS PIPE, CARBON STEEL, 10 IN",40172605,85000
REC_3343,8,IOCL,"SEAMLESS PIPE, CS, SCH 80, 10 IN",40172605,85000
REC_3344,8,OIL,"SEAMLESS PIPE, 10 "", CS, SCH 80",40172605,85000
REC_3345,8,ONGC,"SEAMLESS PIPE, SCH 80, CS, 10 """,40172605,85000
REC_3346,8,ONGC,"SEAMLESS PIPE, CS, 10 "", SCH 80",40172605,85000
REC_3347,8,IOCL,"CARBON STEEL, SEAMLESS PIPE, SCH 80, 10 IN",40172605,85000
REC_3348,8,OIL,"SEAMLESS PIPE, SCH 80, C.S., 10 IN",40172605,85000
REC_3349,8,ONGC,"SCH 80, CARBON STEEL, SEAMLESS PIPE, 10 IN",40172605,85000
REC_3350,8,OIL,"C.S., 10 IN, SCH 80, SEAMLESS PIPE",40172605,85000
REC_3351,8,ONGC,"10 "", CS, SCH 80, SEAMLESS PIPE",40172605,85000
REC_3352,8,BPCL,"SCH 80, 10 IN, CARBON STEEL, SEAMLESS PIPE",40172605,85000
REC_3353,8,ONGC,"SEAMLESS PIPE, 10 INCH, CS, SCH 80",40172605,85000
REC_3354,8,BPCL,"10 IN, SCH 80, SEAMLESS PIPE, C.S.",40172605,85000
REC_3355,8,IOCL,"SCH 80, CS, SEAMLESS PIPE, 10 IN",40172605,85000
REC_3356,8,OIL,"SCH 80, SEAMLESS PIPE, 10 INCH, C.S.",40172605,85000
REC_3357,8,IOCL,"CARBON STEEL, SEAMLESS PIPE, SCH 80, 10 """,40172605,85000
REC_3358,8,BPCL,"10 "", SEAMLESS PIPE, CARBON STEEL, SCH 80",40172605,85000
REC_3359,8,ONGC,"CARBON STEEL, SEAMLESS PIPE, SCH 80, 10 IN",40172605,85000
REC_3360,8,ONGC,"C.S., 10 INCH, SEAMLESS PIPE, SCH 80",40172605,85000
REC_3361,8,OIL,"10 INCH, SEAMLESS PIPE, SCH 80, C.S.",40172605,85000
REC_3362,8,BPCL,"10 IN, SEAMLESS PIPE, SCH 80, CARBON STEEL",40172605,85000
REC_3363,8,OIL,"10 IN, CS, SCH 80, SEAMLESS PIPE",40172605,85000
REC_3364,8,OIL,"10 "", SEAMLESS PIPE, CS, SCH 80",40172605,85000
REC_3365,8,OIL,"10 INCH, SCH 80, C.S., SEAMLESS PIPE",40172605,85000
REC_3366,8,ONGC,"SCH 80, SEAMLESS PIPE, CARBON STEEL, 10 """,40172605,85000
REC_3367,8,BPCL,"SCH 80, 10 "", SEAMLESS PIPE, C.S.",40172605,85000
REC_3368,8,IOCL,"SEAMLESS PIPE, CS, 10 IN, SCH 80",40172605,85000
REC_3369,8,OIL,"SCH 80, C.S., 10 IN, SEAMLESS PIPE",40172605,85000
REC_3370,8,OIL,"SEAMLESS PIPE, 10 IN, SCH 80, CS",40172605,85000
REC_3371,8,ONGC,"CS, SCH 80, SEAMLESS PIPE, 10 IN",40172605,85000
REC_3372,8,BPCL,"SEAMLESS PIPE, 10 INCH, CARBON STEEL, SCH 80",40172605,85000
REC_3373,8,IOCL,"SEAMLESS PIPE, 10 INCH, SCH 80, CARBON STEEL",40172605,85000
REC_3374,8,BPCL,"SEAMLESS PIPE, C.S., 10 "", SCH 80",40172605,85000
REC_3375,8,OIL,"SCH 80, SEAMLESS PIPE, 10 IN, CARBON STEEL",40172605,85000
REC_3376,8,BPCL,"CARBON STEEL, SCH 80, SEAMLESS PIPE, 10 IN",40172605,85000
REC_3377,8,OIL,"10 "", CARBON STEEL, SCH 80, SEAMLESS PIPE",40172605,85000
REC_3378,8,IOCL,"10 INCH, SCH 80, SEAMLESS PIPE, C.S.",40172605,85000
REC_3379,8,BPCL,"SEAMLESS PIPE, SCH 80, 10 IN, CS",40172605,85000
REC_3380,8,OIL,"CS, 10 IN, SEAMLESS PIPE, SCH 80",40172605,85000
REC_3381,8,OIL,"10 "", SEAMLESS PIPE, SCH 80, CARBON STEEL",40172605,85000
REC_3382,8,BPCL,"CS, 10 "", SCH 80, SEAMLESS PIPE",40172605,85000
REC_3383,8,OIL,"SCH 80, CS, SEAMLESS PIPE, 10 IN",40172605,85000
REC_3384,8,IOCL,"10 INCH, SEAMLESS PIPE, SCH 80, C.S.",40172605,85000
REC_3385,8,ONGC,"10 IN, C.S., SCH 80, SEAMLESS PIPE",40172605,85000
REC_3386,8,BPCL,"SCH 80, SEAMLESS PIPE, 10 INCH, C.S.",40172605,85000
REC_3387,8,IOCL,"CARBON STEEL, 10 "", SEAMLESS PIPE, SCH 80",40172605,85000
REC_3388,8,BPCL,"10 IN, SEAMLESS PIPE, SCH 80, C.S.",40172605,85000
REC_3389,8,ONGC,"SEAMLESS PIPE, SCH 80, CS, 10 IN",40172605,85000
REC_3390,8,OIL,"10 IN, SEAMLESS PIPE, SCH 80, CS",40172605,85000
REC_3391,8,IOCL,"CS, SCH 80, SEAMLESS PIPE, 10 INCH",40172605,85000
REC_3392,8,ONGC,"SEAMLESS PIPE, 10 "", CS, SCH 80",40172605,85000
REC_3393,8,IOCL,"10 IN, C.S., SCH 80, SEAMLESS PIPE",40172605,85000
REC_3394,8,ONGC,"10 IN, CARBON STEEL, SCH 80, SEAMLESS PIPE",40172605,85000
REC_3395,8,BPCL,"10 IN, C.S., SEAMLESS PIPE, SCH 80",40172605,85000
REC_3396,8,IOCL,"10 INCH, SCH 80, SEAMLESS PIPE, C.S.",40172605,85000
REC_3397,8,IOCL,"SCH 80, SEAMLESS PIPE, C.S., 10 INCH",40172605,85000
REC_3398,8,IOCL,"CARBON STEEL, SEAMLESS PIPE, 10 IN, SCH 80",40172605,85000
REC_3399,8,OIL,"C.S., SCH 80, SEAMLESS PIPE, 10 IN",40172605,85000
REC_3400,8,ONGC,"C.S., 10 "", SEAMLESS PIPE, SCH 80",40172605,85000
REC_3401,8,ONGC,"10 "", CS, SCH 80, SEAMLESS PIPE",40172605,85000
REC_3402,8,OIL,"CS, SEAMLESS PIPE, SCH 80, 10 IN",40172605,85000
REC_3403,8,ONGC,"SCH 80, C.S., 10 "", SEAMLESS PIPE",40172605,85000
REC_3404,8,ONGC,"10 IN, SEAMLESS PIPE, SCH 80, CS",40172605,85000
REC_3405,8,IOCL,"SEAMLESS PIPE, C.S., SCH 80, 10 """,40172605,85000
REC_3406,8,ONGC,"10 "", SEAMLESS PIPE, CARBON STEEL, SCH 80",40172605,85000
REC_3407,8,BPCL,"10 INCH, SCH 80, C.S., SEAMLESS PIPE",40172605,85000
REC_3408,8,ONGC,"CARBON STEEL, 10 IN, SEAMLESS PIPE, SCH 80",40172605,85000
REC_3409,8,IOCL,"SEAMLESS PIPE, CARBON STEEL, SCH 80, 10 IN",40172605,85000
REC_3410,8,OIL,"10 INCH, SCH 80, SEAMLESS PIPE, C.S.",40172605,85000
REC_3411,8,ONGC,"SEAMLESS PIPE, C.S., 10 INCH, SCH 80",40172605,85000
REC_3412,8,IOCL,"10 IN, SCH 80, C.S., SEAMLESS PIPE",40172605,85000
REC_3413,8,ONGC,"SEAMLESS PIPE, 10 INCH, SCH 80, C.S.",40172605,85000
REC_3414,8,ONGC,"SCH 80, 10 INCH, SEAMLESS PIPE, CS",40172605,85000
REC_3415,8,ONGC,"10 IN, SEAMLESS PIPE, CARBON STEEL, SCH 80",40172605,85000
REC_3416,8,ONGC,"SCH 80, SEAMLESS PIPE, 10 INCH, C.S.",40172605,85000
REC_3417,8,OIL,"CS, 10 IN, SCH 80, SEAMLESS PIPE",40172605,85000
REC_3418,8,OIL,"10 IN, CS, SCH 80, SEAMLESS PIPE",40172605,85000
REC_3419,8,BPCL,"10 INCH, SCH 80, CARBON STEEL, SEAMLESS PIPE",40172605,85000
REC_3420,8,IOCL,"CARBON STEEL, SEAMLESS PIPE, 10 INCH, SCH 80",40172605,85000
REC_3421,8,BPCL,"10 IN, SCH 80, SEAMLESS PIPE, CS",40172605,85000
REC_3422,8,IOCL,"SEAMLESS PIPE, 10 IN, CS, SCH 80",40172605,85000
REC_3423,8,IOCL,"C.S., SEAMLESS PIPE, 10 INCH, SCH 80",40172605,85000
REC_3424,8,BPCL,"10 IN, SEAMLESS PIPE, CARBON STEEL, SCH 80",40172605,85000
REC_3425,8,ONGC,"10 "", SEAMLESS PIPE, C.S., SCH 80",40172605,85000
REC_3426,8,IOCL,"10 "", C.S., SCH 80, SEAMLESS PIPE",40172605,85000
REC_3427,8,BPCL,"SCH 80, CARBON STEEL, 10 INCH, SEAMLESS PIPE",40172605,85000
REC_3428,8,BPCL,"CARBON STEEL, SEAMLESS PIPE, SCH 80, 10 INCH",40172605,85000
REC_3429,8,ONGC,"CS, SEAMLESS PIPE, 10 IN, SCH 80",40172605,85000
REC_3430,8,BPCL,"CS, SCH 80, 10 IN, SEAMLESS PIPE",40172605,85000
REC_3431,8,OIL,"SEAMLESS PIPE, SCH 80, 10 INCH, CARBON STEEL",40172605,85000
REC_3432,8,BPCL,"SEAMLESS PIPE, SCH 80, C.S., 10 INCH",40172605,85000
REC_3433,8,BPCL,"CS, SCH 80, 10 IN, SEAMLESS PIPE",40172605,85000
REC_3434,8,OIL,"10 INCH, CARBON STEEL, SCH 80, SEAMLESS PIPE",40172605,85000
REC_3435,8,IOCL,"SCH 80, 10 IN, CARBON STEEL, SEAMLESS PIPE",40172605,85000
REC_3436,8,OIL,"C.S., SEAMLESS PIPE, 10 IN, SCH 80",40172605,85000
REC_3437,8,BPCL,"10 INCH, SCH 80, SEAMLESS PIPE, C.S.",40172605,85000
REC_3438,8,BPCL,"SCH 80, 10 IN, SEAMLESS PIPE, C.S.",40172605,85000
REC_3439,8,IOCL,"CARBON STEEL, 10 INCH, SCH 80, SEAMLESS PIPE",40172605,85000
REC_3440,8,IOCL,"SEAMLESS PIPE, CARBON STEEL, 10 "", SCH 80",40172605,85000
REC_3441,8,BPCL,"SEAMLESS PIPE, CS, SCH 80, 10 IN",40172605,85000
REC_3442,8,BPCL,"SEAMLESS PIPE, 10 "", SCH 80, CARBON STEEL",40172605,85000
REC_3443,8,OIL,"SCH 80, 10 INCH, SEAMLESS PIPE, CARBON STEEL",40172605,85000
REC_3444,8,IOCL,"10 IN, CS, SCH 80, SEAMLESS PIPE",40172605,85000
REC_3445,8,OIL,"SCH 80, SEAMLESS PIPE, CARBON STEEL, 10 IN",40172605,85000
REC_3446,8,BPCL,"SCH 80, CARBON STEEL, 10 IN, SEAMLESS PIPE",40172605,85000
REC_3447,8,OIL,"SCH 80, C.S., 10 INCH, SEAMLESS PIPE",40172605,85000
REC_3448,8,ONGC,"C.S., SEAMLESS PIPE, SCH 80, 10 INCH",40172605,85000
REC_3449,8,IOCL,"SEAMLESS PIPE, SCH 80, 10 "", CARBON STEEL",40172605,85000
REC_3450,8,ONGC,"C.S., 10 "", SEAMLESS PIPE, SCH 80",40172605,85000
REC_3451,8,IOCL,"SEAMLESS PIPE, SCH 80, 10 INCH, CS",40172605,85000
REC_3452,8,BPCL,"10 INCH, CS, SCH 80, SEAMLESS PIPE",40172605,85000
REC_3453,8,BPCL,"SEAMLESS PIPE, SCH 80, CS, 10 IN",40172605,85000
REC_3454,8,OIL,"SCH 80, SEAMLESS PIPE, 10 "", C.S.",40172605,85000
REC_3455,8,BPCL,"SEAMLESS PIPE, 10 IN, CARBON STEEL, SCH 80",40172605,85000
REC_3456,8,ONGC,"10 IN, SEAMLESS PIPE, SCH 80, C.S.",40172605,85000
REC_3457,8,IOCL,"10 "", SEAMLESS PIPE, CS, SCH 80",40172605,85000
REC_3458,8,OIL,"C.S., 10 INCH, SEAMLESS PIPE, SCH 80",40172605,85000
REC_3459,8,IOCL,"SCH 80, 10 INCH, SEAMLESS PIPE, C.S.",40172605,85000
REC_3460,8,OIL,"10 IN, CARBON STEEL, SCH 80, SEAMLESS PIPE",40172605,85000
REC_3461,8,OIL,"10 "", CS, SCH 80, SEAMLESS PIPE",40172605,85000
REC_3462,8,ONGC,"CARBON STEEL, SCH 80, SEAMLESS PIPE, 10 """,40172605,85000
REC_3463,8,ONGC,"CARBON STEEL, SEAMLESS PIPE, 10 "", SCH 80",40172605,85000
REC_3464,8,OIL,"SCH 80, 10 INCH, CS, SEAMLESS PIPE",40172605,85000
REC_3465,8,IOCL,"10 INCH, CS, SCH 80, SEAMLESS PIPE",40172605,85000
REC_3466,8,IOCL,"CS, SEAMLESS PIPE, 10 "", SCH 80",40172605,85000
REC_3467,8,BPCL,"SCH 80, 10 INCH, CS, SEAMLESS PIPE",40172605,85000
REC_3468,8,IOCL,"CS, SEAMLESS PIPE, SCH 80, 10 """,40172605,85000
REC_3469,8,ONGC,"CARBON STEEL, 10 IN, SEAMLESS PIPE, SCH 80",40172605,85000
REC_3470,8,ONGC,"SEAMLESS PIPE, 10 IN, SCH 80, CARBON STEEL",40172605,85000
REC_3471,8,OIL,"SCH 80, 10 IN, CARBON STEEL, SEAMLESS PIPE",40172605,85000
REC_3472,8,BPCL,"CS, SCH 80, SEAMLESS PIPE, 10 IN",40172605,85000
REC_3473,8,ONGC,"SEAMLESS PIPE, CS, SCH 80, 10 IN",40172605,85000
REC_3474,8,IOCL,"10 "", SCH 80, CARBON STEEL, SEAMLESS PIPE",40172605,85000
REC_3475,8,OIL,"SEAMLESS PIPE, SCH 80, CARBON STEEL, 10 IN",40172605,85000
REC_3476,8,ONGC,"SCH 80, SEAMLESS PIPE, CS, 10 IN",40172605,85000
REC_3477,8,ONGC,"CARBON STEEL, 10 INCH, SCH 80, SEAMLESS PIPE",40172605,85000
REC_3478,8,BPCL,"SCH 80, 10 IN, SEAMLESS PIPE, CARBON STEEL",40172605,85000
REC_3479,8,IOCL,"10 "", CS, SEAMLESS PIPE, SCH 80",40172605,85000
REC_3480,8,BPCL,"SCH 80, SEAMLESS PIPE, CARBON STEEL, 10 IN",40172605,85000
REC_3481,8,BPCL,"SEAMLESS PIPE, SCH 80, C.S., 10 INCH",40172605,85000
REC_3482,8,OIL,"SEAMLESS PIPE, C.S., 10 "", SCH 80",40172605,85000
REC_3483,8,IOCL,"SEAMLESS PIPE, CS, 10 IN, SCH 80",40172605,85000
REC_3484,8,BPCL,"C.S., 10 "", SEAMLESS PIPE, SCH 80",40172605,85000
REC_3485,8,IOCL,"10 IN, SEAMLESS PIPE, CARBON STEEL, SCH 80",40172605,85000
REC_3486,8,IOCL,"10 IN, SCH 80, SEAMLESS PIPE, CARBON STEEL",40172605,85000
REC_3487,8,ONGC,"10 IN, SEAMLESS PIPE, SCH 80, C.S.",40172605,85000
REC_3488,8,OIL,"CARBON STEEL, SCH 80, 10 IN, SEAMLESS PIPE",40172605,85000
REC_3489,8,OIL,"SEAMLESS PIPE, SCH 80, C.S., 10 """,40172605,85000
REC_3490,8,IOCL,"SCH 80, SEAMLESS PIPE, 10 IN, C.S.",40172605,85000
REC_3491,8,IOCL,"10 INCH, SCH 80, CS, SEAMLESS PIPE",40172605,85000
REC_3492,8,BPCL,"10 IN, SCH 80, SEAMLESS PIPE, CARBON STEEL",40172605,85000
REC_3493,8,IOCL,"C.S., SCH 80, SEAMLESS PIPE, 10 IN",40172605,85000
REC_3494,8,BPCL,"SEAMLESS PIPE, 10 IN, C.S., SCH 80",40172605,85000
REC_3495,8,IOCL,"CS, 10 IN, SEAMLESS PIPE, SCH 80",40172605,85000
REC_3496,8,BPCL,"SCH 80, CS, 10 IN, SEAMLESS PIPE",40172605,85000
REC_3497,8,OIL,"CARBON STEEL, SCH 80, SEAMLESS PIPE, 10 IN",40172605,85000
REC_3498,8,IOCL,"SEAMLESS PIPE, C.S., SCH 80, 10 """,40172605,85000
REC_3499,8,ONGC,"10 "", C.S., SEAMLESS PIPE, SCH 80",40172605,85000
REC_3500,8,ONGC,"SCH 80, C.S., SEAMLESS PIPE, 10 IN",40172605,85000
REC_3501,8,BPCL,"SCH 80, 10 IN, SEAMLESS PIPE, CARBON STEEL",40172605,85000
REC_3502,8,IOCL,"10 "", SCH 80, SEAMLESS PIPE, CARBON STEEL",40172605,85000
REC_3503,8,IOCL,"CS, 10 IN, SCH 80, SEAMLESS PIPE",40172605,85000
REC_3504,8,OIL,"10 IN, CS, SEAMLESS PIPE, SCH 80",40172605,85000
REC_3505,8,IOCL,"SCH 80, 10 "", CS, SEAMLESS PIPE",40172605,85000
REC_3506,8,IOCL,"SCH 80, CARBON STEEL, 10 IN, SEAMLESS PIPE",40172605,85000
REC_3507,8,BPCL,"SCH 80, SEAMLESS PIPE, CS, 10 IN",40172605,85000
REC_3508,8,ONGC,"10 "", CARBON STEEL, SEAMLESS PIPE, SCH 80",40172605,85000
REC_3509,8,OIL,"CARBON STEEL, SCH 80, SEAMLESS PIPE, 10 INCH",40172605,85000
REC_3510,8,IOCL,"10 IN, SCH 80, SEAMLESS PIPE, CARBON STEEL",40172605,85000
REC_3511,8,IOCL,"CARBON STEEL, SEAMLESS PIPE, SCH 80, 10 INCH",40172605,85000
REC_3512,8,OIL,"10 IN, CARBON STEEL, SCH 80, SEAMLESS PIPE",40172605,85000
REC_3513,8,ONGC,"10 IN, SEAMLESS PIPE, SCH 80, CS",40172605,85000
REC_3514,8,OIL,"SCH 80, 10 INCH, SEAMLESS PIPE, CARBON STEEL",40172605,85000
REC_3515,8,IOCL,"CS, 10 IN, SCH 80, SEAMLESS PIPE",40172605,85000
REC_3516,8,ONGC,"SEAMLESS PIPE, 10 INCH, C.S., SCH 80",40172605,85000
REC_3517,8,ONGC,"SCH 80, 10 IN, CS, SEAMLESS PIPE",40172605,85000
REC_3518,8,BPCL,"10 IN, SCH 80, CARBON STEEL, SEAMLESS PIPE",40172605,85000
REC_3519,8,IOCL,"CARBON STEEL, SEAMLESS PIPE, 10 IN, SCH 80",40172605,85000
REC_3520,8,IOCL,"C.S., SCH 80, SEAMLESS PIPE, 10 IN",40172605,85000
REC_3521,8,OIL,"10 INCH, C.S., SEAMLESS PIPE, SCH 80",40172605,85000
REC_3522,8,IOCL,"SCH 80, SEAMLESS PIPE, 10 IN, C.S.",40172605,85000
REC_3523,8,OIL,"10 "", SEAMLESS PIPE, CS, SCH 80",40172605,85000
REC_3524,8,IOCL,"10 INCH, CARBON STEEL, SCH 80, SEAMLESS PIPE",40172605,85000
REC_3525,8,IOCL,"SCH 80, SEAMLESS PIPE, CS, 10 IN",40172605,85000
REC_3526,8,IOCL,"SCH 80, 10 "", SEAMLESS PIPE, C.S.",40172605,85000
REC_3527,8,IOCL,"SCH 80, C.S., SEAMLESS PIPE, 10 """,40172605,85000
REC_3528,8,ONGC,"CARBON STEEL, SCH 80, 10 IN, SEAMLESS PIPE",40172605,85000
REC_3529,8,BPCL,"SCH 80, SEAMLESS PIPE, 10 INCH, C.S.",40172605,85000
REC_3530,8,IOCL,"CS, SCH 80, SEAMLESS PIPE, 10 """,40172605,85000
REC_3531,8,IOCL,"10 "", SCH 80, C.S., SEAMLESS PIPE",40172605,85000
REC_3532,8,BPCL,"SCH 80, SEAMLESS PIPE, 10 "", C.S.",40172605,85000
REC_3533,8,BPCL,"CS, 10 IN, SCH 80, SEAMLESS PIPE",40172605,85000
REC_3534,8,OIL,"SCH 80, CS, 10 INCH, SEAMLESS PIPE",40172605,85000
REC_3535,8,ONGC,"CARBON STEEL, SEAMLESS PIPE, 10 INCH, SCH 80",40172605,85000
REC_3536,8,IOCL,"10 "", CS, SCH 80, SEAMLESS PIPE",40172605,85000
REC_3537,8,OIL,"10 IN, SCH 80, SEAMLESS PIPE, C.S.",40172605,85000
REC_3538,8,ONGC,"SCH 80, CS, 10 IN, SEAMLESS PIPE",40172605,85000
REC_3539,8,BPCL,"SEAMLESS PIPE, CARBON STEEL, SCH 80, 10 IN",40172605,85000
REC_3540,8,OIL,"10 IN, SCH 80, SEAMLESS PIPE, CARBON STEEL",40172605,85000
REC_3541,8,IOCL,"SCH 80, 10 IN, C.S., SEAMLESS PIPE",40172605,85000
REC_3542,8,IOCL,"SCH 80, C.S., 10 IN, SEAMLESS PIPE",40172605,85000
REC_3543,8,IOCL,"SCH 80, CS, 10 "", SEAMLESS PIPE",40172605,85000
REC_3544,8,ONGC,"SCH 80, SEAMLESS PIPE, CS, 10 """,40172605,85000
REC_3545,8,ONGC,"SEAMLESS PIPE, SCH 80, CS, 10 """,40172605,85000
REC_3546,8,IOCL,"SEAMLESS PIPE, 10 INCH, SCH 80, CS",40172605,85000
REC_3547,8,IOCL,"SEAMLESS PIPE, SCH 80, C.S., 10 IN",40172605,85000
REC_3548,8,BPCL,"C.S., SCH 80, SEAMLESS PIPE, 10 IN",40172605,85000
REC_3549,8,ONGC,"10 IN, SCH 80, C.S., SEAMLESS PIPE",40172605,85000
REC_3550,8,BPCL,"SEAMLESS PIPE, SCH 80, CS, 10 IN",40172605,85000
REC_3551,8,ONGC,"CARBON STEEL, 10 IN, SEAMLESS PIPE, SCH 80",40172605,85000
REC_3552,8,ONGC,"CS, SEAMLESS PIPE, SCH 80, 10 IN",40172605,85000
REC_3553,8,ONGC,"SEAMLESS PIPE, CS, 10 IN, SCH 80",40172605,85000
REC_3554,8,OIL,"SEAMLESS PIPE, 10 IN, CARBON STEEL, SCH 80",40172605,85000
REC_3555,8,BPCL,"10 IN, SCH 80, CARBON STEEL, SEAMLESS PIPE",40172605,85000
REC_3556,8,BPCL,"SEAMLESS PIPE, 10 "", SCH 80, CS",40172605,85000
REC_3557,8,BPCL,"CS, SEAMLESS PIPE, SCH 80, 10 IN",40172605,85000
REC_3558,8,BPCL,"C.S., SCH 80, SEAMLESS PIPE, 10 IN",40172605,85000
REC_3559,8,ONGC,"SCH 80, SEAMLESS PIPE, 10 INCH, C.S.",40172605,85000
REC_3560,9,IOCL,"100 MM, C.S., 300LB, CHECK VALVE",40141607,41000
REC_3561,9,ONGC,"C.S., CHECK VALVE, CL 300, 4 IN",40141607,41000
REC_3562,9,IOCL,"100 MM, CHECK VALVE, CL-300LB, CS",40141607,41000
REC_3563,9,IOCL,"C.S., CHECK VALVE, 4 INCH, CL 300LB",40141607,41000
REC_3564,9,BPCL,"CHECK VALVE, CS, CL-300#, 4 """,40141607,41000
REC_3565,9,OIL,"CS, 4 INCH, CL-300#, CHECK VALVE",40141607,41000
REC_3566,9,IOCL,"C.S., CHECK VALVE, CLASS 300#, 4 INCH",40141607,41000
REC_3567,9,IOCL,"100 MM, CL-300#, CS, CHECK VALVE",40141607,41000
REC_3568,9,IOCL,"C.S., CL 300#, 100 MM, CHECK VALVE",40141607,41000
REC_3569,9,IOCL,"CL 300#, 4 IN, CARBON STEEL, CHECK VALVE",40141607,41000
REC_3570,9,IOCL,"CLASS 300#, 100 MM, C.S., CHECK VALVE",40141607,41000
REC_3571,9,OIL,"CL 300, 4 INCH, CHECK VALVE, C.S.",40141607,41000
REC_3572,9,ONGC,"CHECK VALVE, CARBON STEEL, CL 300#, 4 INCH",40141607,41000
REC_3573,9,OIL,"C.S., 4 INCH, CHECK VALVE, CL 300#",40141607,41000
REC_3574,9,IOCL,"CS, CHECK VALVE, CL 300, 100 MM",40141607,41000
REC_3575,9,ONGC,"4 "", CARBON STEEL, CHECK VALVE, CL 300",40141607,41000
REC_3576,9,OIL,"CHECK VALVE, CARBON STEEL, CLASS 300#, 100 MM",40141607,41000
REC_3577,9,OIL,"CARBON STEEL, CHECK VALVE, CL 300#, 4 """,40141607,41000
REC_3578,9,BPCL,"CHECK VALVE, CL 300#, CARBON STEEL, 4 INCH",40141607,41000
REC_3579,9,BPCL,"CS, CLASS 300#, CHECK VALVE, 4 IN",40141607,41000
REC_3580,9,IOCL,"CHECK VALVE, CLASS 300, 100 MM, C.S.",40141607,41000
REC_3581,9,ONGC,"CLASS 300, 100 MM, CHECK VALVE, CS",40141607,41000
REC_3582,9,IOCL,"4 IN, CL-300#, CHECK VALVE, C.S.",40141607,41000
REC_3583,9,ONGC,"4 INCH, CS, CHECK VALVE, CL 300#",40141607,41000
REC_3584,9,OIL,"4 INCH, 300#, CHECK VALVE, CS",40141607,41000
REC_3585,9,OIL,"4 IN, CARBON STEEL, 300, CHECK VALVE",40141607,41000
REC_3586,9,IOCL,"CS, 4 INCH, CLASS 300, CHECK VALVE",40141607,41000
REC_3587,9,OIL,"CHECK VALVE, CS, 4 "", 300#",40141607,41000
REC_3588,9,ONGC,"CL-300#, 4 INCH, CHECK VALVE, CARBON STEEL",40141607,41000
REC_3589,9,IOCL,"CHECK VALVE, CL 300#, 4 "", CS",40141607,41000
REC_3590,9,BPCL,"CLASS 300#, CHECK VALVE, 4 IN, CARBON STEEL",40141607,41000
REC_3591,9,BPCL,"CL-300, C.S., 4 INCH, CHECK VALVE",40141607,41000
REC_3592,9,BPCL,"4 "", CHECK VALVE, CS, 300",40141607,41000
REC_3593,9,BPCL,"CLASS 300, 4 INCH, CARBON STEEL, CHECK VALVE",40141607,41000
REC_3594,9,OIL,"CHECK VALVE, CL 300#, 4 IN, C.S.",40141607,41000
REC_3595,9,BPCL,"CARBON STEEL, CLASS 300#, 4 INCH, CHECK VALVE",40141607,41000
REC_3596,9,ONGC,"CS, 4 "", CHECK VALVE, CL-300#",40141607,41000
REC_3597,9,ONGC,"4 INCH, C.S., CL-300LB, CHECK VALVE",40141607,41000
REC_3598,9,ONGC,"CARBON STEEL, CHECK VALVE, 4 INCH, CL 300#",40141607,41000
REC_3599,9,BPCL,"4 INCH, C.S., CL-300LB, CHECK VALVE",40141607,41000
REC_3600,9,BPCL,"CARBON STEEL, 4 INCH, CHECK VALVE, CLASS 300#",40141607,41000
REC_3601,9,IOCL,"300#, CARBON STEEL, 100 MM, CHECK VALVE",40141607,41000
REC_3602,9,OIL,"CHECK VALVE, CL-300LB, CARBON STEEL, 4 IN",40141607,41000
REC_3603,9,ONGC,"C.S., 300, CHECK VALVE, 100 MM",40141607,41000
REC_3604,9,ONGC,"4 "", CHECK VALVE, CARBON STEEL, CL 300LB",40141607,41000
REC_3605,9,OIL,"300#, 4 "", CHECK VALVE, C.S.",40141607,41000
REC_3606,9,IOCL,"CLASS 300, CARBON STEEL, 4 IN, CHECK VALVE",40141607,41000
REC_3607,9,ONGC,"CHECK VALVE, CL-300, 4 INCH, CS",40141607,41000
REC_3608,9,IOCL,"CHECK VALVE, CLASS 300LB, 100 MM, C.S.",40141607,41000
REC_3609,9,OIL,"100 MM, CL 300#, CHECK VALVE, CS",40141607,41000
REC_3610,9,ONGC,"CL-300LB, CARBON STEEL, CHECK VALVE, 4 IN",40141607,41000
REC_3611,9,OIL,"C.S., 4 IN, CLASS 300#, CHECK VALVE",40141607,41000
REC_3612,9,BPCL,"CARBON STEEL, CL 300LB, 100 MM, CHECK VALVE",40141607,41000
REC_3613,9,IOCL,"CHECK VALVE, 300#, 4 INCH, CS",40141607,41000
REC_3614,9,OIL,"4 "", CARBON STEEL, CL 300LB, CHECK VALVE",40141607,41000
REC_3615,9,OIL,"CS, 4 "", CLASS 300, CHECK VALVE",40141607,41000
REC_3616,9,OIL,"100 MM, CHECK VALVE, CARBON STEEL, CL 300#",40141607,41000
REC_3617,9,IOCL,"CARBON STEEL, 100 MM, CHECK VALVE, CL-300#",40141607,41000
REC_3618,9,IOCL,"CL 300LB, C.S., CHECK VALVE, 4 INCH",40141607,41000
REC_3619,9,ONGC,"CS, 300LB, CHECK VALVE, 100 MM",40141607,41000
REC_3620,9,OIL,"4 INCH, CL-300, CARBON STEEL, CHECK VALVE",40141607,41000
REC_3621,9,IOCL,"CHECK VALVE, 100 MM, CL 300#, CARBON STEEL",40141607,41000
REC_3622,9,IOCL,"4 IN, CHECK VALVE, C.S., CL-300#",40141607,41000
REC_3623,9,ONGC,"C.S., CL-300, 4 IN, CHECK VALVE",40141607,41000
REC_3624,9,BPCL,"CHECK VALVE, CARBON STEEL, CLASS 300#, 4 """,40141607,41000
REC_3625,9,ONGC,"CHECK VALVE, CL-300LB, C.S., 100 MM",40141607,41000
REC_3626,9,BPCL,"300, 4 IN, CHECK VALVE, C.S.",40141607,41000
REC_3627,9,IOCL,"CHECK VALVE, CARBON STEEL, 100 MM, CLASS 300",40141607,41000
REC_3628,9,IOCL,"4 IN, CL 300, CS, CHECK VALVE",40141607,41000
REC_3629,9,IOCL,"300LB, CHECK VALVE, CS, 4 IN",40141607,41000
REC_3630,9,BPCL,"CL 300, C.S., CHECK VALVE, 4 INCH",40141607,41000
REC_3631,9,BPCL,"CS, CL-300#, CHECK VALVE, 4 IN",40141607,41000
REC_3632,9,IOCL,"4 "", CS, 300LB, CHECK VALVE",40141607,41000
REC_3633,9,BPCL,"CHECK VALVE, 4 INCH, CARBON STEEL, CL 300#",40141607,41000
REC_3634,9,OIL,"CS, CHECK VALVE, CL-300LB, 4 IN",40141607,41000
REC_3635,9,ONGC,"CL 300LB, CS, CHECK VALVE, 4 IN",40141607,41000
REC_3636,9,BPCL,"CHECK VALVE, 4 INCH, CL 300LB, CS",40141607,41000
REC_3637,9,BPCL,"CS, CHECK VALVE, 4 IN, CL-300#",40141607,41000
REC_3638,9,IOCL,"300LB, CARBON STEEL, CHECK VALVE, 100 MM",40141607,41000
REC_3639,9,ONGC,"CHECK VALVE, C.S., CL 300, 4 IN",40141607,41000
REC_3640,9,IOCL,"CS, CLASS 300#, CHECK VALVE, 4 IN",40141607,41000
REC_3641,9,BPCL,"CHECK VALVE, CL-300LB, 4 IN, C.S.",40141607,41000
REC_3642,9,OIL,"CL 300#, 100 MM, CARBON STEEL, CHECK VALVE",40141607,41000
REC_3643,9,IOCL,"CHECK VALVE, CL 300, CS, 100 MM",40141607,41000
REC_3644,9,BPCL,"CARBON STEEL, 4 IN, CL-300#, CHECK VALVE",40141607,41000
REC_3645,9,OIL,"4 INCH, 300#, CHECK VALVE, CARBON STEEL",40141607,41000
REC_3646,9,IOCL,"CHECK VALVE, CARBON STEEL, 4 "", CL 300",40141607,41000
REC_3647,9,OIL,"4 INCH, CL-300LB, CHECK VALVE, CARBON STEEL",40141607,41000
REC_3648,9,IOCL,"4 IN, 300, C.S., CHECK VALVE",40141607,41000
REC_3649,9,IOCL,"CHECK VALVE, C.S., 4 INCH, CLASS 300#",40141607,41000
REC_3650,9,OIL,"CS, CLASS 300LB, 4 IN, CHECK VALVE",40141607,41000
REC_3651,9,OIL,"300LB, 4 INCH, CHECK VALVE, CARBON STEEL",40141607,41000
REC_3652,9,BPCL,"CHECK VALVE, 4 IN, C.S., CL-300LB",40141607,41000
REC_3653,9,OIL,"100 MM, CS, CHECK VALVE, 300LB",40141607,41000
REC_3654,9,BPCL,"300, 4 INCH, CHECK VALVE, CS",40141607,41000
REC_3655,9,OIL,"4 IN, 300#, CS, CHECK VALVE",40141607,41000
REC_3656,9,BPCL,"CS, 100 MM, CHECK VALVE, CLASS 300#",40141607,41000
REC_3657,9,OIL,"CL-300#, 4 "", CHECK VALVE, CS",40141607,41000
REC_3658,9,OIL,"CHECK VALVE, CLASS 300LB, CS, 4 """,40141607,41000
REC_3659,9,IOCL,"CL 300LB, 4 IN, CHECK VALVE, CARBON STEEL",40141607,41000
REC_3660,9,ONGC,"4 IN, CS, CLASS 300LB, CHECK VALVE",40141607,41000
REC_3661,9,IOCL,"4 "", CL-300#, CHECK VALVE, C.S.",40141607,41000
REC_3662,9,OIL,"CARBON STEEL, CHECK VALVE, CL 300#, 4 IN",40141607,41000
REC_3663,9,IOCL,"100 MM, CHECK VALVE, CS, CL-300LB",40141607,41000
REC_3664,9,BPCL,"CARBON STEEL, 100 MM, CHECK VALVE, CL 300",40141607,41000
REC_3665,9,ONGC,"4 IN, CL-300, CHECK VALVE, CARBON STEEL",40141607,41000
REC_3666,9,BPCL,"CARBON STEEL, 4 IN, CHECK VALVE, CL-300LB",40141607,41000
REC_3667,9,ONGC,"CS, CHECK VALVE, CL 300#, 4 IN",40141607,41000
REC_3668,9,IOCL,"4 INCH, CL 300LB, CHECK VALVE, CARBON STEEL",40141607,41000
REC_3669,9,IOCL,"CARBON STEEL, CHECK VALVE, 300#, 100 MM",40141607,41000
REC_3670,9,ONGC,"C.S., 100 MM, CHECK VALVE, 300LB",40141607,41000
REC_3671,9,OIL,"CL-300, C.S., 4 INCH, CHECK VALVE",40141607,41000
REC_3672,9,IOCL,"100 MM, CARBON STEEL, CHECK VALVE, CL 300",40141607,41000
REC_3673,9,ONGC,"CS, CHECK VALVE, CL-300#, 4 IN",40141607,41000
REC_3674,9,ONGC,"CARBON STEEL, CL 300LB, CHECK VALVE, 4 INCH",40141607,41000
REC_3675,9,BPCL,"CLASS 300, CHECK VALVE, 100 MM, CARBON STEEL",40141607,41000
REC_3676,9,OIL,"CARBON STEEL, CHECK VALVE, 300, 4 INCH",40141607,41000
REC_3677,9,ONGC,"CHECK VALVE, CLASS 300#, CARBON STEEL, 4 """,40141607,41000
REC_3678,9,BPCL,"CL 300, 4 "", CHECK VALVE, C.S.",40141607,41000
REC_3679,9,BPCL,"CHECK VALVE, 100 MM, C.S., CL-300#",40141607,41000
REC_3680,9,OIL,"C.S., CHECK VALVE, CL 300#, 4 INCH",40141607,41000
REC_3681,9,BPCL,"100 MM, CHECK VALVE, CS, CLASS 300",40141607,41000
REC_3682,9,BPCL,"CARBON STEEL, CHECK VALVE, 300LB, 4 IN",40141607,41000
REC_3683,9,ONGC,"CHECK VALVE, CLASS 300, 100 MM, CS",40141607,41000
REC_3684,9,ONGC,"100 MM, CHECK VALVE, CS, CLASS 300#",40141607,41000
REC_3685,9,BPCL,"4 INCH, C.S., 300, CHECK VALVE",40141607,41000
REC_3686,9,ONGC,"CL 300#, CHECK VALVE, 100 MM, C.S.",40141607,41000
REC_3687,9,ONGC,"CS, CHECK VALVE, 100 MM, CL-300LB",40141607,41000
REC_3688,9,BPCL,"CL-300LB, CHECK VALVE, 4 "", CS",40141607,41000
REC_3689,9,OIL,"CARBON STEEL, CLASS 300, CHECK VALVE, 4 """,40141607,41000
REC_3690,9,ONGC,"CHECK VALVE, C.S., CL-300, 4 """,40141607,41000
REC_3691,9,ONGC,"CHECK VALVE, 4 INCH, CS, CL 300",40141607,41000
REC_3692,9,BPCL,"C.S., 4 IN, CHECK VALVE, CL 300LB",40141607,41000
REC_3693,9,OIL,"CLASS 300LB, 4 INCH, C.S., CHECK VALVE",40141607,41000
REC_3694,9,BPCL,"300, C.S., CHECK VALVE, 4 """,40141607,41000
REC_3695,9,ONGC,"CLASS 300, 4 "", CARBON STEEL, CHECK VALVE",40141607,41000
REC_3696,9,ONGC,"CARBON STEEL, 4 "", CL-300#, CHECK VALVE",40141607,41000
REC_3697,9,OIL,"4 "", CL-300, CARBON STEEL, CHECK VALVE",40141607,41000
REC_3698,9,ONGC,"4 "", CLASS 300, CHECK VALVE, C.S.",40141607,41000
REC_3699,9,ONGC,"CHECK VALVE, CARBON STEEL, 4 "", CL 300",40141607,41000
REC_3700,9,OIL,"CL-300#, CHECK VALVE, C.S., 100 MM",40141607,41000
REC_3701,9,IOCL,"CHECK VALVE, CL 300#, 4 IN, CARBON STEEL",40141607,41000
REC_3702,9,ONGC,"CHECK VALVE, 4 "", CL-300#, CARBON STEEL",40141607,41000
REC_3703,9,OIL,"CHECK VALVE, CL-300LB, CARBON STEEL, 4 """,40141607,41000
REC_3704,9,OIL,"CL 300LB, C.S., 4 "", CHECK VALVE",40141607,41000
REC_3705,9,IOCL,"300, CHECK VALVE, C.S., 100 MM",40141607,41000
REC_3706,9,BPCL,"300, CHECK VALVE, CS, 4 """,40141607,41000
REC_3707,9,BPCL,"4 "", CS, CHECK VALVE, CL 300#",40141607,41000
REC_3708,9,ONGC,"4 INCH, CL 300#, CS, CHECK VALVE",40141607,41000
REC_3709,9,IOCL,"CHECK VALVE, CL-300, CS, 100 MM",40141607,41000
REC_3710,9,OIL,"CARBON STEEL, 300#, 4 INCH, CHECK VALVE",40141607,41000
REC_3711,9,BPCL,"4 IN, CLASS 300, CHECK VALVE, C.S.",40141607,41000
REC_3712,9,ONGC,"4 "", CARBON STEEL, CHECK VALVE, CL 300",40141607,41000
REC_3713,9,ONGC,"100 MM, CL 300, CARBON STEEL, CHECK VALVE",40141607,41000
REC_3714,9,IOCL,"C.S., CHECK VALVE, CLASS 300#, 4 IN",40141607,41000
REC_3715,9,BPCL,"4 INCH, CHECK VALVE, CARBON STEEL, 300",40141607,41000
REC_3716,9,BPCL,"4 INCH, C.S., CLASS 300#, CHECK VALVE",40141607,41000
REC_3717,9,BPCL,"4 IN, CHECK VALVE, CARBON STEEL, 300#",40141607,41000
REC_3718,9,IOCL,"CS, 4 IN, 300#, CHECK VALVE",40141607,41000
REC_3719,9,ONGC,"CHECK VALVE, 100 MM, C.S., CL-300",40141607,41000
REC_3720,9,IOCL,"CHECK VALVE, CLASS 300LB, CARBON STEEL, 4 IN",40141607,41000
REC_3721,9,IOCL,"CLASS 300LB, 4 INCH, CARBON STEEL, CHECK VALVE",40141607,41000
REC_3722,9,BPCL,"4 INCH, CHECK VALVE, CL-300LB, C.S.",40141607,41000
REC_3723,9,IOCL,"CHECK VALVE, CLASS 300LB, C.S., 4 INCH",40141607,41000
REC_3724,9,BPCL,"CARBON STEEL, CHECK VALVE, CL-300#, 100 MM",40141607,41000
REC_3725,9,ONGC,"CARBON STEEL, 100 MM, CLASS 300LB, CHECK VALVE",40141607,41000
REC_3726,9,BPCL,"C.S., CL-300, 100 MM, CHECK VALVE",40141607,41000
REC_3727,9,ONGC,"CHECK VALVE, CS, 4 IN, CL-300#",40141607,41000
REC_3728,9,IOCL,"CHECK VALVE, C.S., CLASS 300#, 100 MM",40141607,41000
REC_3729,9,OIL,"CHECK VALVE, 4 IN, CS, CLASS 300LB",40141607,41000
REC_3730,9,ONGC,"CARBON STEEL, 4 IN, CL 300LB, CHECK VALVE",40141607,41000
REC_3731,9,OIL,"4 "", CL-300#, CHECK VALVE, C.S.",40141607,41000
REC_3732,9,IOCL,"CS, 4 IN, CL 300#, CHECK VALVE",40141607,41000
REC_3733,9,BPCL,"CLASS 300LB, CHECK VALVE, C.S., 4 """,40141607,41000
REC_3734,9,BPCL,"4 IN, CL 300#, CHECK VALVE, CS",40141607,41000
REC_3735,9,OIL,"CLASS 300#, 100 MM, CARBON STEEL, CHECK VALVE",40141607,41000
REC_3736,9,BPCL,"CARBON STEEL, CL-300LB, 100 MM, CHECK VALVE",40141607,41000
REC_3737,9,IOCL,"CHECK VALVE, CS, 4 IN, CL-300#",40141607,41000
REC_3738,9,IOCL,"CLASS 300#, 4 INCH, C.S., CHECK VALVE",40141607,41000
REC_3739,9,ONGC,"4 IN, CLASS 300, CHECK VALVE, CS",40141607,41000
REC_3740,9,ONGC,"CLASS 300, CHECK VALVE, 100 MM, CARBON STEEL",40141607,41000
REC_3741,9,BPCL,"4 "", 300LB, CHECK VALVE, CARBON STEEL",40141607,41000
REC_3742,9,BPCL,"CL-300LB, CHECK VALVE, 4 IN, CS",40141607,41000
REC_3743,9,IOCL,"CARBON STEEL, CLASS 300#, CHECK VALVE, 4 """,40141607,41000
REC_3744,9,BPCL,"CL 300, CS, CHECK VALVE, 4 """,40141607,41000
REC_3745,9,BPCL,"C.S., CHECK VALVE, CLASS 300#, 4 """,40141607,41000
REC_3746,9,OIL,"CHECK VALVE, 300LB, 4 INCH, C.S.",40141607,41000
REC_3747,9,IOCL,"4 INCH, CARBON STEEL, CHECK VALVE, CL 300LB",40141607,41000
REC_3748,9,BPCL,"4 "", CLASS 300LB, CHECK VALVE, CS",40141607,41000
REC_3749,9,ONGC,"4 "", CHECK VALVE, C.S., 300#",40141607,41000
REC_3750,9,OIL,"CS, CHECK VALVE, 300LB, 4 INCH",40141607,41000
REC_3751,9,IOCL,"4 INCH, 300LB, C.S., CHECK VALVE",40141607,41000
REC_3752,9,BPCL,"100 MM, CLASS 300, CHECK VALVE, CARBON STEEL",40141607,41000
REC_3753,9,ONGC,"C.S., CLASS 300#, 4 "", CHECK VALVE",40141607,41000
REC_3754,9,OIL,"300LB, 4 "", C.S., CHECK VALVE",40141607,41000
REC_3755,9,IOCL,"4 IN, CL-300#, C.S., CHECK VALVE",40141607,41000
REC_3756,9,OIL,"CHECK VALVE, 100 MM, CL 300#, CARBON STEEL",40141607,41000
REC_3757,9,BPCL,"C.S., CHECK VALVE, 4 "", CL 300#",40141607,41000
REC_3758,9,BPCL,"CLASS 300, CARBON STEEL, CHECK VALVE, 4 """,40141607,41000
REC_3759,9,BPCL,"CHECK VALVE, CS, 100 MM, CL 300#",40141607,41000
REC_3760,9,IOCL,"4 "", CARBON STEEL, CHECK VALVE, CL 300",40141607,41000
REC_3761,9,IOCL,"4 "", CL 300, CHECK VALVE, C.S.",40141607,41000
REC_3762,9,IOCL,"C.S., 4 IN, CLASS 300LB, CHECK VALVE",40141607,41000
REC_3763,9,BPCL,"4 INCH, C.S., CHECK VALVE, 300#",40141607,41000
REC_3764,9,IOCL,"CLASS 300#, CHECK VALVE, 4 "", C.S.",40141607,41000
REC_3765,9,OIL,"CLASS 300, CARBON STEEL, 4 "", CHECK VALVE",40141607,41000
REC_3766,9,BPCL,"4 INCH, 300LB, C.S., CHECK VALVE",40141607,41000
REC_3767,9,OIL,"300LB, 4 "", CARBON STEEL, CHECK VALVE",40141607,41000
REC_3768,9,OIL,"CARBON STEEL, CHECK VALVE, CLASS 300LB, 4 INCH",40141607,41000
REC_3769,9,OIL,"4 INCH, CLASS 300#, CHECK VALVE, C.S.",40141607,41000
REC_3770,9,OIL,"CHECK VALVE, CS, 300#, 100 MM",40141607,41000
REC_3771,9,ONGC,"CLASS 300#, 4 "", CHECK VALVE, CS",40141607,41000
REC_3772,9,OIL,"CARBON STEEL, CL-300LB, 4 "", CHECK VALVE",40141607,41000
REC_3773,9,OIL,"4 "", CLASS 300LB, C.S., CHECK VALVE",40141607,41000
REC_3774,9,IOCL,"4 IN, CL 300#, C.S., CHECK VALVE",40141607,41000
REC_3775,9,IOCL,"CL 300, CHECK VALVE, 4 IN, CARBON STEEL",40141607,41000
REC_3776,9,OIL,"100 MM, CLASS 300, CHECK VALVE, CARBON STEEL",40141607,41000
REC_3777,9,OIL,"CHECK VALVE, CS, CLASS 300#, 100 MM",40141607,41000
REC_3778,9,ONGC,"C.S., 300LB, CHECK VALVE, 4 INCH",40141607,41000
REC_3779,9,BPCL,"4 INCH, C.S., 300#, CHECK VALVE",40141607,41000
REC_3780,9,IOCL,"CHECK VALVE, CARBON STEEL, 300, 100 MM",40141607,41000
REC_3781,9,BPCL,"100 MM, CL-300, CHECK VALVE, CARBON STEEL",40141607,41000
REC_3782,9,ONGC,"CS, 100 MM, CLASS 300LB, CHECK VALVE",40141607,41000
REC_3783,9,IOCL,"CS, 100 MM, CHECK VALVE, CLASS 300#",40141607,41000
REC_3784,9,ONGC,"CARBON STEEL, CHECK VALVE, CL 300#, 4 IN",40141607,41000
REC_3785,9,BPCL,"CS, 4 INCH, 300#, CHECK VALVE",40141607,41000
REC_3786,9,OIL,"CARBON STEEL, 4 "", CHECK VALVE, CL 300LB",40141607,41000
REC_3787,9,ONGC,"4 "", CL-300LB, CHECK VALVE, CARBON STEEL",40141607,41000
REC_3788,9,OIL,"CHECK VALVE, CARBON STEEL, 4 INCH, 300#",40141607,41000
REC_3789,9,OIL,"CLASS 300, C.S., 4 "", CHECK VALVE",40141607,41000
REC_3790,9,IOCL,"CHECK VALVE, 4 "", CLASS 300LB, C.S.",40141607,41000
REC_3791,9,OIL,"CARBON STEEL, CL 300, CHECK VALVE, 100 MM",40141607,41000
REC_3792,9,ONGC,"CLASS 300LB, C.S., 4 INCH, CHECK VALVE",40141607,41000
REC_3793,9,IOCL,"CLASS 300LB, 4 IN, CS, CHECK VALVE",40141607,41000
REC_3794,9,OIL,"CL-300#, 4 "", C.S., CHECK VALVE",40141607,41000
REC_3795,9,ONGC,"100 MM, CS, CHECK VALVE, CL-300#",40141607,41000
REC_3796,9,OIL,"CARBON STEEL, CHECK VALVE, CL 300#, 100 MM",40141607,41000
REC_3797,9,OIL,"CHECK VALVE, CARBON STEEL, CL-300LB, 100 MM",40141607,41000
REC_3798,9,OIL,"300, CS, CHECK VALVE, 4 IN",40141607,41000
REC_3799,9,OIL,"CS, 4 IN, CL 300LB, CHECK VALVE",40141607,41000
REC_3800,9,OIL,"CS, 300LB, CHECK VALVE, 4 IN",40141607,41000
REC_3801,9,ONGC,"CL-300, 4 "", C.S., CHECK VALVE",40141607,41000
REC_3802,9,BPCL,"300, 4 INCH, CHECK VALVE, CS",40141607,41000
REC_3803,9,IOCL,"CL 300#, CARBON STEEL, CHECK VALVE, 100 MM",40141607,41000
REC_3804,9,IOCL,"CARBON STEEL, CL-300, CHECK VALVE, 100 MM",40141607,41000
REC_3805,9,OIL,"CLASS 300LB, CARBON STEEL, CHECK VALVE, 4 IN",40141607,41000
REC_3806,9,ONGC,"CARBON STEEL, 4 "", CHECK VALVE, 300",40141607,41000
REC_3807,9,IOCL,"C.S., 4 IN, CHECK VALVE, CL 300#",40141607,41000
REC_3808,9,BPCL,"4 IN, 300#, CHECK VALVE, C.S.",40141607,41000
REC_3809,9,ONGC,"CL-300LB, 4 INCH, CHECK VALVE, C.S.",40141607,41000
REC_3810,9,ONGC,"C.S., 4 INCH, CHECK VALVE, CLASS 300LB",40141607,41000
REC_3811,9,IOCL,"CS, 100 MM, CHECK VALVE, CL 300#",40141607,41000
REC_3812,9,ONGC,"CHECK VALVE, CARBON STEEL, 4 INCH, CL 300LB",40141607,41000
REC_3813,9,ONGC,"CHECK VALVE, 4 IN, CS, CL-300",40141607,41000
REC_3814,9,IOCL,"CLASS 300#, CHECK VALVE, 4 INCH, C.S.",40141607,41000
REC_3815,9,BPCL,"CLASS 300LB, CS, CHECK VALVE, 4 IN",40141607,41000
REC_3816,9,OIL,"CL-300#, CHECK VALVE, CARBON STEEL, 4 INCH",40141607,41000
REC_3817,9,IOCL,"4 INCH, 300#, CHECK VALVE, C.S.",40141607,41000
REC_3818,9,IOCL,"CLASS 300, C.S., CHECK VALVE, 4 IN",40141607,41000
REC_3819,9,BPCL,"CHECK VALVE, 100 MM, CARBON STEEL, CL-300LB",40141607,41000
REC_3820,9,ONGC,"CHECK VALVE, C.S., CL-300#, 4 """,40141607,41000
REC_3821,9,IOCL,"4 INCH, CHECK VALVE, C.S., 300#",40141607,41000
REC_3822,9,ONGC,"CHECK VALVE, 300, 4 "", C.S.",40141607,41000
REC_3823,9,ONGC,"CHECK VALVE, 4 INCH, CARBON STEEL, 300",40141607,41000
REC_3824,9,BPCL,"100 MM, CS, CHECK VALVE, CL-300#",40141607,41000
REC_3825,9,ONGC,"CS, CHECK VALVE, CL 300, 4 """,40141607,41000
REC_3826,9,ONGC,"CHECK VALVE, CL 300LB, 100 MM, CS",40141607,41000
REC_3827,9,ONGC,"CHECK VALVE, CARBON STEEL, 100 MM, CLASS 300",40141607,41000
REC_3828,9,BPCL,"CHECK VALVE, CARBON STEEL, 100 MM, CL-300LB",40141607,41000
REC_3829,9,IOCL,"4 "", CHECK VALVE, CS, CLASS 300LB",40141607,41000
REC_3830,9,BPCL,"CHECK VALVE, CLASS 300LB, 4 "", CARBON STEEL",40141607,41000
REC_3831,9,IOCL,"300LB, 4 IN, CS, CHECK VALVE",40141607,41000
REC_3832,9,BPCL,"CHECK VALVE, 4 "", CS, CL-300",40141607,41000
REC_3833,9,IOCL,"CARBON STEEL, CL 300, 4 IN, CHECK VALVE",40141607,41000
REC_3834,9,OIL,"CS, 300LB, CHECK VALVE, 100 MM",40141607,41000
REC_3835,9,IOCL,"4 IN, 300, CS, CHECK VALVE",40141607,41000
REC_3836,9,IOCL,"CL-300LB, 4 INCH, C.S., CHECK VALVE",40141607,41000
REC_3837,9,IOCL,"CLASS 300#, CHECK VALVE, 100 MM, C.S.",40141607,41000
REC_3838,9,BPCL,"4 "", CHECK VALVE, CLASS 300, CS",40141607,41000
REC_3839,9,BPCL,"CHECK VALVE, 4 INCH, CS, CL-300LB",40141607,41000
REC_3840,9,BPCL,"CHECK VALVE, CLASS 300, C.S., 4 """,40141607,41000
REC_3841,9,IOCL,"4 INCH, C.S., CHECK VALVE, CL 300#",40141607,41000
REC_3842,9,BPCL,"CS, CL 300#, 4 INCH, CHECK VALVE",40141607,41000
REC_3843,9,BPCL,"4 INCH, CLASS 300#, CHECK VALVE, C.S.",40141607,41000
REC_3844,9,OIL,"CHECK VALVE, C.S., 4 "", CLASS 300",40141607,41000
REC_3845,9,ONGC,"300#, 100 MM, CHECK VALVE, CARBON STEEL",40141607,41000
REC_3846,9,BPCL,"CHECK VALVE, 4 IN, CL-300, CS",40141607,41000
REC_3847,9,BPCL,"C.S., CL-300#, CHECK VALVE, 4 """,40141607,41000
REC_3848,9,IOCL,"CLASS 300, 4 INCH, CHECK VALVE, C.S.",40141607,41000
REC_3849,9,ONGC,"100 MM, CARBON STEEL, CHECK VALVE, CL-300#",40141607,41000
REC_3850,9,ONGC,"CS, CL-300, 100 MM, CHECK VALVE",40141607,41000
REC_3851,9,IOCL,"CHECK VALVE, C.S., CL-300LB, 100 MM",40141607,41000
REC_3852,9,BPCL,"CL 300LB, CARBON STEEL, CHECK VALVE, 4 INCH",40141607,41000
REC_3853,9,ONGC,"4 IN, CHECK VALVE, CS, CLASS 300#",40141607,41000
REC_3854,9,OIL,"CHECK VALVE, CS, 4 IN, CL 300#",40141607,41000
REC_3855,9,ONGC,"CHECK VALVE, 4 "", C.S., 300LB",40141607,41000
REC_3856,9,BPCL,"CLASS 300LB, CHECK VALVE, 4 "", C.S.",40141607,41000
REC_3857,9,IOCL,"CARBON STEEL, CL-300LB, 4 "", CHECK VALVE",40141607,41000
REC_3858,9,BPCL,"C.S., 100 MM, CHECK VALVE, 300LB",40141607,41000
REC_3859,9,OIL,"CLASS 300LB, CHECK VALVE, C.S., 4 INCH",40141607,41000
REC_3860,9,OIL,"C.S., CLASS 300#, CHECK VALVE, 4 """,40141607,41000
REC_3861,9,IOCL,"4 IN, CHECK VALVE, CL 300, CS",40141607,41000
REC_3862,9,IOCL,"4 IN, CLASS 300, C.S., CHECK VALVE",40141607,41000
REC_3863,9,IOCL,"100 MM, CS, CLASS 300, CHECK VALVE",40141607,41000
REC_3864,9,ONGC,"CS, CHECK VALVE, CL-300, 4 IN",40141607,41000
REC_3865,9,OIL,"CHECK VALVE, 4 INCH, CLASS 300, C.S.",40141607,41000
REC_3866,9,IOCL,"CHECK VALVE, C.S., 4 IN, CL 300LB",40141607,41000
REC_3867,9,ONGC,"CS, 4 IN, CHECK VALVE, 300",40141607,41000
REC_3868,9,ONGC,"C.S., CL-300, CHECK VALVE, 4 IN",40141607,41000
REC_3869,9,BPCL,"C.S., 300LB, 4 INCH, CHECK VALVE",40141607,41000
REC_3870,9,IOCL,"CHECK VALVE, 100 MM, CL-300, C.S.",40141607,41000
REC_3871,9,BPCL,"CARBON STEEL, CL-300#, 4 "", CHECK VALVE",40141607,41000
REC_3872,9,BPCL,"CHECK VALVE, CL 300#, CS, 100 MM",40141607,41000
REC_3873,9,IOCL,"CHECK VALVE, 4 IN, CLASS 300#, CARBON STEEL",40141607,41000
REC_3874,9,IOCL,"4 "", CHECK VALVE, C.S., CLASS 300LB",40141607,41000
REC_3875,9,OIL,"CHECK VALVE, 4 IN, C.S., 300LB",40141607,41000
REC_3876,9,BPCL,"CHECK VALVE, CARBON STEEL, 300#, 100 MM",40141607,41000
REC_3877,9,BPCL,"CL-300#, CHECK VALVE, 4 "", CS",40141607,41000
REC_3878,9,ONGC,"4 IN, CHECK VALVE, CS, CLASS 300LB",40141607,41000
REC_3879,9,OIL,"CLASS 300, CHECK VALVE, CS, 100 MM",40141607,41000
REC_3880,10,OIL,"3 "", PLUG VALVE, 150, SS316",40141612,52000
REC_3881,10,OIL,"CL 150, 3 IN, PLUG VALVE, STAINLESS STEEL",40141612,52000
REC_3882,10,BPCL,"STAINLESS STEEL, 3 IN, PLUG VALVE, CLASS 150",40141612,52000
REC_3883,10,BPCL,"150, PLUG VALVE, SS316, 3 IN",40141612,52000
REC_3884,10,BPCL,"STAINLESS STEEL, PLUG VALVE, 3 INCH, CL 150",40141612,52000
REC_3885,10,ONGC,"150, SS, PLUG VALVE, 3 """,40141612,52000
REC_3886,10,IOCL,"3 IN, CL 150, PLUG VALVE, SS316",40141612,52000
REC_3887,10,BPCL,"CLASS 150, 3 INCH, STAINLESS STEEL, PLUG VALVE",40141612,52000
REC_3888,10,OIL,"CL 150, PLUG VALVE, STAINLESS STEEL, 3 IN",40141612,52000
REC_3889,10,ONGC,"SS316, 3 INCH, CL-150, PLUG VALVE",40141612,52000
REC_3890,10,BPCL,"CLASS 150, SS316, PLUG VALVE, 3 """,40141612,52000
REC_3891,10,ONGC,"PLUG VALVE, STAINLESS STEEL, 3 IN, CL 150",40141612,52000
REC_3892,10,ONGC,"SS, 3 "", PLUG VALVE, 150",40141612,52000
REC_3893,10,OIL,"SS, PLUG VALVE, CL-150, 3 """,40141612,52000
REC_3894,10,IOCL,"PLUG VALVE, STAINLESS STEEL, CLASS 150, 3 IN",40141612,52000
REC_3895,10,BPCL,"STAINLESS STEEL, CLASS 150, 3 "", PLUG VALVE",40141612,52000
REC_3896,10,BPCL,"3 INCH, 150, SS, PLUG VALVE",40141612,52000
REC_3897,10,OIL,"PLUG VALVE, SS, 3 IN, CLASS 150",40141612,52000
REC_3898,10,BPCL,"SS, 3 IN, PLUG VALVE, CL 150",40141612,52000
REC_3899,10,OIL,"PLUG VALVE, 3 IN, SS, 150",40141612,52000
REC_3900,10,BPCL,"PLUG VALVE, SS, 3 IN, CLASS 150",40141612,52000
REC_3901,10,IOCL,"3 INCH, CL 150, PLUG VALVE, SS",40141612,52000
REC_3902,10,BPCL,"PLUG VALVE, 3 INCH, CL-150, SS316",40141612,52000
REC_3903,10,ONGC,"CL-150, SS, 3 IN, PLUG VALVE",40141612,52000
REC_3904,10,OIL,"3 IN, PLUG VALVE, STAINLESS STEEL, 150",40141612,52000
REC_3905,10,BPCL,"3 IN, CL-150, PLUG VALVE, SS316",40141612,52000
REC_3906,10,BPCL,"3 IN, CLASS 150, PLUG VALVE, SS316",40141612,52000
REC_3907,10,OIL,"PLUG VALVE, SS, 150, 3 """,40141612,52000
REC_3908,10,ONGC,"3 IN, PLUG VALVE, CL-150, SS316",40141612,52000
REC_3909,10,IOCL,"SS316, CLASS 150, 3 "", PLUG VALVE",40141612,52000
REC_3910,10,IOCL,"PLUG VALVE, SS, 3 INCH, 150",40141612,52000
REC_3911,10,OIL,"3 "", STAINLESS STEEL, PLUG VALVE, CL 150",40141612,52000
REC_3912,10,ONGC,"STAINLESS STEEL, 3 INCH, PLUG VALVE, CL-150",40141612,52000
REC_3913,10,IOCL,"CL-150, SS316, 3 IN, PLUG VALVE",40141612,52000
REC_3914,10,OIL,"CL 150, STAINLESS STEEL, PLUG VALVE, 3 IN",40141612,52000
REC_3915,10,OIL,"150, 3 IN, SS316, PLUG VALVE",40141612,52000
REC_3916,10,OIL,"3 IN, CL 150, PLUG VALVE, SS316",40141612,52000
REC_3917,10,ONGC,"CL 150, SS, 3 IN, PLUG VALVE",40141612,52000
REC_3918,10,OIL,"CLASS 150, PLUG VALVE, STAINLESS STEEL, 3 """,40141612,52000
REC_3919,10,OIL,"3 IN, CL 150, PLUG VALVE, STAINLESS STEEL",40141612,52000
REC_3920,10,OIL,"3 IN, STAINLESS STEEL, CLASS 150, PLUG VALVE",40141612,52000
REC_3921,10,IOCL,"150, PLUG VALVE, STAINLESS STEEL, 3 """,40141612,52000
REC_3922,10,OIL,"3 IN, SS, PLUG VALVE, 150",40141612,52000
REC_3923,10,OIL,"PLUG VALVE, 3 IN, SS316, 150",40141612,52000
REC_3924,10,BPCL,"PLUG VALVE, STAINLESS STEEL, 3 IN, CL-150",40141612,52000
REC_3925,10,ONGC,"SS, PLUG VALVE, 3 IN, 150",40141612,52000
REC_3926,10,BPCL,"PLUG VALVE, SS, 3 IN, 150",40141612,52000
REC_3927,10,OIL,"SS316, 3 INCH, PLUG VALVE, 150",40141612,52000
REC_3928,10,ONGC,"PLUG VALVE, SS316, 3 "", CL-150",40141612,52000
REC_3929,10,IOCL,"CL-150, PLUG VALVE, STAINLESS STEEL, 3 INCH",40141612,52000
REC_3930,10,ONGC,"3 IN, 150, PLUG VALVE, SS",40141612,52000
REC_3931,10,ONGC,"PLUG VALVE, STAINLESS STEEL, 3 INCH, CLASS 150",40141612,52000
REC_3932,10,OIL,"3 INCH, PLUG VALVE, CLASS 150, SS316",40141612,52000
REC_3933,10,OIL,"SS316, PLUG VALVE, CLASS 150, 3 INCH",40141612,52000
REC_3934,10,BPCL,"3 IN, SS, PLUG VALVE, CLASS 150",40141612,52000
REC_3935,10,BPCL,"PLUG VALVE, 3 INCH, 150, SS316",40141612,52000
REC_3936,10,OIL,"PLUG VALVE, SS, CLASS 150, 3 """,40141612,52000
REC_3937,10,OIL,"SS, 3 "", 150, PLUG VALVE",40141612,52000
REC_3938,10,OIL,"SS, 3 IN, PLUG VALVE, CL-150",40141612,52000
REC_3939,10,OIL,"CL-150, STAINLESS STEEL, 3 IN, PLUG VALVE",40141612,52000
REC_3940,10,ONGC,"3 "", PLUG VALVE, CLASS 150, SS",40141612,52000
REC_3941,10,IOCL,"PLUG VALVE, CLASS 150, 3 IN, STAINLESS STEEL",40141612,52000
REC_3942,10,OIL,"PLUG VALVE, STAINLESS STEEL, CL-150, 3 INCH",40141612,52000
REC_3943,10,BPCL,"PLUG VALVE, CL 150, SS, 3 IN",40141612,52000
REC_3944,10,IOCL,"3 IN, 150, SS316, PLUG VALVE",40141612,52000
REC_3945,10,OIL,"STAINLESS STEEL, 3 IN, PLUG VALVE, 150",40141612,52000
REC_3946,10,ONGC,"3 "", CL-150, PLUG VALVE, SS316",40141612,52000
REC_3947,10,IOCL,"SS, 3 "", CL-150, PLUG VALVE",40141612,52000
REC_3948,10,OIL,"CL 150, SS316, PLUG VALVE, 3 INCH",40141612,52000
REC_3949,10,BPCL,"PLUG VALVE, CLASS 150, STAINLESS STEEL, 3 INCH",40141612,52000
REC_3950,10,IOCL,"SS316, 3 INCH, 150, PLUG VALVE",40141612,52000
REC_3951,10,ONGC,"SS, 3 IN, 150, PLUG VALVE",40141612,52000
REC_3952,10,IOCL,"SS316, CL 150, 3 INCH, PLUG VALVE",40141612,52000
REC_3953,10,IOCL,"SS316, CLASS 150, 3 IN, PLUG VALVE",40141612,52000
REC_3954,10,IOCL,"PLUG VALVE, STAINLESS STEEL, CL-150, 3 """,40141612,52000
REC_3955,10,BPCL,"SS, CL-150, PLUG VALVE, 3 INCH",40141612,52000
REC_3956,10,IOCL,"SS316, 3 IN, CL 150, PLUG VALVE",40141612,52000
REC_3957,10,IOCL,"STAINLESS STEEL, CL 150, 3 "", PLUG VALVE",40141612,52000
REC_3958,10,OIL,"PLUG VALVE, SS, 150, 3 IN",40141612,52000
REC_3959,10,IOCL,"3 IN, SS316, CL 150, PLUG VALVE",40141612,52000
REC_3960,10,ONGC,"3 INCH, CLASS 150, SS, PLUG VALVE",40141612,52000
REC_3961,10,ONGC,"CLASS 150, PLUG VALVE, 3 IN, STAINLESS STEEL",40141612,52000
REC_3962,10,IOCL,"SS, PLUG VALVE, 3 IN, CL 150",40141612,52000
REC_3963,10,ONGC,"STAINLESS STEEL, CL-150, PLUG VALVE, 3 """,40141612,52000
REC_3964,10,BPCL,"CL-150, 3 "", PLUG VALVE, SS316",40141612,52000
REC_3965,10,IOCL,"SS316, PLUG VALVE, CLASS 150, 3 IN",40141612,52000
REC_3966,10,ONGC,"PLUG VALVE, CL-150, STAINLESS STEEL, 3 INCH",40141612,52000
REC_3967,10,BPCL,"3 "", PLUG VALVE, SS, 150",40141612,52000
REC_3968,10,ONGC,"PLUG VALVE, 3 INCH, SS316, 150",40141612,52000
REC_3969,10,OIL,"PLUG VALVE, CL 150, 3 "", STAINLESS STEEL",40141612,52000
REC_3970,10,BPCL,"3 IN, 150, PLUG VALVE, STAINLESS STEEL",40141612,52000
REC_3971,10,ONGC,"PLUG VALVE, CLASS 150, SS, 3 """,40141612,52000
REC_3972,10,ONGC,"3 INCH, STAINLESS STEEL, PLUG VALVE, CLASS 150",40141612,52000
REC_3973,10,IOCL,"CL 150, STAINLESS STEEL, 3 INCH, PLUG VALVE",40141612,52000
REC_3974,10,OIL,"SS316, 3 INCH, CLASS 150, PLUG VALVE",40141612,52000
REC_3975,10,ONGC,"CL 150, PLUG VALVE, STAINLESS STEEL, 3 """,40141612,52000
REC_3976,10,IOCL,"SS, 3 IN, CL-150, PLUG VALVE",40141612,52000
REC_3977,10,OIL,"CL-150, PLUG VALVE, SS, 3 IN",40141612,52000
REC_3978,10,BPCL,"CLASS 150, PLUG VALVE, STAINLESS STEEL, 3 """,40141612,52000
REC_3979,10,BPCL,"150, 3 INCH, SS, PLUG VALVE",40141612,52000
REC_3980,10,ONGC,"STAINLESS STEEL, 3 "", CL 150, PLUG VALVE",40141612,52000
REC_3981,10,IOCL,"CLASS 150, PLUG VALVE, STAINLESS STEEL, 3 INCH",40141612,52000
REC_3982,10,IOCL,"150, 3 IN, SS, PLUG VALVE",40141612,52000
REC_3983,10,OIL,"SS316, CL 150, 3 "", PLUG VALVE",40141612,52000
REC_3984,10,BPCL,"3 INCH, CL 150, PLUG VALVE, STAINLESS STEEL",40141612,52000
REC_3985,10,BPCL,"3 INCH, PLUG VALVE, CLASS 150, SS316",40141612,52000
REC_3986,10,IOCL,"SS316, 3 IN, PLUG VALVE, CL-150",40141612,52000
REC_3987,10,ONGC,"3 "", CLASS 150, SS, PLUG VALVE",40141612,52000
REC_3988,10,IOCL,"PLUG VALVE, CLASS 150, SS316, 3 IN",40141612,52000
REC_3989,10,IOCL,"PLUG VALVE, SS316, 3 INCH, 150",40141612,52000
REC_3990,10,IOCL,"3 INCH, PLUG VALVE, SS316, CL 150",40141612,52000
REC_3991,10,BPCL,"3 INCH, SS316, PLUG VALVE, CLASS 150",40141612,52000
REC_3992,10,ONGC,"PLUG VALVE, STAINLESS STEEL, 3 INCH, CL-150",40141612,52000
REC_3993,10,ONGC,"STAINLESS STEEL, PLUG VALVE, 3 "", 150",40141612,52000
REC_3994,10,OIL,"SS316, 3 IN, CL 150, PLUG VALVE",40141612,52000
REC_3995,10,OIL,"3 "", PLUG VALVE, STAINLESS STEEL, CL-150",40141612,52000
REC_3996,10,ONGC,"STAINLESS STEEL, PLUG VALVE, CLASS 150, 3 INCH",40141612,52000
REC_3997,10,BPCL,"SS316, CL-150, PLUG VALVE, 3 IN",40141612,52000
REC_3998,10,IOCL,"SS, PLUG VALVE, CLASS 150, 3 """,40141612,52000
REC_3999,10,BPCL,"PLUG VALVE, CL 150, 3 INCH, STAINLESS STEEL",40141612,52000
REC_4000,10,BPCL,"3 "", SS, PLUG VALVE, CLASS 150",40141612,52000
REC_4001,10,BPCL,"CL 150, STAINLESS STEEL, PLUG VALVE, 3 IN",40141612,52000
REC_4002,10,BPCL,"3 INCH, PLUG VALVE, CL-150, SS",40141612,52000
REC_4003,10,ONGC,"STAINLESS STEEL, PLUG VALVE, 3 IN, CL 150",40141612,52000
REC_4004,10,IOCL,"CLASS 150, PLUG VALVE, SS, 3 IN",40141612,52000
REC_4005,10,OIL,"SS, CLASS 150, PLUG VALVE, 3 """,40141612,52000
REC_4006,10,OIL,"STAINLESS STEEL, CL-150, 3 IN, PLUG VALVE",40141612,52000
REC_4007,10,OIL,"CL 150, PLUG VALVE, SS, 3 INCH",40141612,52000
REC_4008,10,BPCL,"3 INCH, SS, PLUG VALVE, CL-150",40141612,52000
REC_4009,10,IOCL,"PLUG VALVE, SS, CL-150, 3 IN",40141612,52000
REC_4010,10,IOCL,"CL 150, PLUG VALVE, 3 "", SS",40141612,52000
REC_4011,10,ONGC,"PLUG VALVE, 3 IN, CLASS 150, STAINLESS STEEL",40141612,52000
REC_4012,10,IOCL,"3 INCH, PLUG VALVE, SS316, 150",40141612,52000
REC_4013,10,OIL,"STAINLESS STEEL, CL-150, PLUG VALVE, 3 """,40141612,52000
REC_4014,10,ONGC,"PLUG VALVE, SS, 3 IN, 150",40141612,52000
REC_4015,10,BPCL,"CL 150, PLUG VALVE, 3 IN, SS",40141612,52000
REC_4016,10,IOCL,"PLUG VALVE, 3 "", STAINLESS STEEL, CLASS 150",40141612,52000
REC_4017,10,BPCL,"3 "", SS, PLUG VALVE, CLASS 150",40141612,52000
REC_4018,10,IOCL,"SS, 150, 3 IN, PLUG VALVE",40141612,52000
REC_4019,10,IOCL,"CL 150, SS, 3 IN, PLUG VALVE",40141612,52000
REC_4020,10,ONGC,"SS316, 3 "", PLUG VALVE, CLASS 150",40141612,52000
REC_4021,10,OIL,"3 IN, PLUG VALVE, CLASS 150, SS",40141612,52000
REC_4022,10,IOCL,"150, PLUG VALVE, 3 IN, SS316",40141612,52000
REC_4023,10,ONGC,"3 "", CL-150, PLUG VALVE, STAINLESS STEEL",40141612,52000
REC_4024,10,IOCL,"CLASS 150, PLUG VALVE, SS, 3 """,40141612,52000
REC_4025,10,OIL,"PLUG VALVE, 3 "", 150, SS",40141612,52000
REC_4026,10,ONGC,"3 IN, PLUG VALVE, STAINLESS STEEL, 150",40141612,52000
REC_4027,10,ONGC,"CL 150, PLUG VALVE, SS316, 3 IN",40141612,52000
REC_4028,10,IOCL,"CL 150, 3 "", PLUG VALVE, STAINLESS STEEL",40141612,52000
REC_4029,10,ONGC,"3 INCH, CLASS 150, PLUG VALVE, STAINLESS STEEL",40141612,52000
REC_4030,10,ONGC,"PLUG VALVE, STAINLESS STEEL, 150, 3 IN",40141612,52000
REC_4031,10,ONGC,"PLUG VALVE, 3 INCH, CLASS 150, SS316",40141612,52000
REC_4032,10,BPCL,"PLUG VALVE, 3 IN, 150, SS",40141612,52000
REC_4033,10,IOCL,"STAINLESS STEEL, CL-150, 3 "", PLUG VALVE",40141612,52000
REC_4034,10,ONGC,"150, PLUG VALVE, SS316, 3 INCH",40141612,52000
REC_4035,10,ONGC,"PLUG VALVE, CLASS 150, STAINLESS STEEL, 3 IN",40141612,52000
REC_4036,10,IOCL,"3 IN, 150, PLUG VALVE, SS",40141612,52000
REC_4037,10,OIL,"150, STAINLESS STEEL, PLUG VALVE, 3 """,40141612,52000
REC_4038,10,BPCL,"PLUG VALVE, CL 150, 3 IN, SS316",40141612,52000
REC_4039,10,OIL,"SS316, 150, 3 INCH, PLUG VALVE",40141612,52000
REC_4040,10,OIL,"CL-150, PLUG VALVE, 3 IN, SS316",40141612,52000
REC_4041,10,OIL,"CL-150, 3 IN, SS316, PLUG VALVE",40141612,52000
REC_4042,10,BPCL,"STAINLESS STEEL, 3 "", PLUG VALVE, CLASS 150",40141612,52000
REC_4043,10,OIL,"3 IN, SS, PLUG VALVE, CL-150",40141612,52000
REC_4044,10,IOCL,"PLUG VALVE, 3 "", CL 150, SS",40141612,52000
REC_4045,10,OIL,"PLUG VALVE, SS316, CL-150, 3 IN",40141612,52000
REC_4046,10,ONGC,"3 "", CLASS 150, SS, PLUG VALVE",40141612,52000
REC_4047,10,ONGC,"150, PLUG VALVE, 3 "", SS316",40141612,52000
REC_4048,10,IOCL,"STAINLESS STEEL, CL 150, PLUG VALVE, 3 INCH",40141612,52000
REC_4049,10,BPCL,"3 "", SS, 150, PLUG VALVE",40141612,52000
REC_4050,10,BPCL,"3 INCH, CLASS 150, SS, PLUG VALVE",40141612,52000
REC_4051,10,OIL,"CL 150, 3 "", PLUG VALVE, STAINLESS STEEL",40141612,52000
REC_4052,10,OIL,"3 "", CLASS 150, PLUG VALVE, STAINLESS STEEL",40141612,52000
REC_4053,10,BPCL,"PLUG VALVE, SS316, CL 150, 3 IN",40141612,52000
REC_4054,10,ONGC,"3 INCH, CL 150, SS316, PLUG VALVE",40141612,52000
REC_4055,10,IOCL,"STAINLESS STEEL, 3 IN, PLUG VALVE, CLASS 150",40141612,52000
REC_4056,10,ONGC,"3 INCH, PLUG VALVE, SS, CL 150",40141612,52000
REC_4057,10,ONGC,"SS316, 3 IN, CL 150, PLUG VALVE",40141612,52000
REC_4058,10,ONGC,"PLUG VALVE, STAINLESS STEEL, 3 IN, CL 150",40141612,52000
REC_4059,10,BPCL,"SS, CL-150, 3 IN, PLUG VALVE",40141612,52000
REC_4060,10,BPCL,"PLUG VALVE, SS316, CL-150, 3 """,40141612,52000
REC_4061,10,IOCL,"PLUG VALVE, CLASS 150, STAINLESS STEEL, 3 INCH",40141612,52000
REC_4062,10,OIL,"PLUG VALVE, SS, CL-150, 3 INCH",40141612,52000
REC_4063,10,OIL,"SS316, 3 "", CLASS 150, PLUG VALVE",40141612,52000
REC_4064,10,BPCL,"CLASS 150, SS316, PLUG VALVE, 3 IN",40141612,52000
REC_4065,10,IOCL,"STAINLESS STEEL, 3 IN, PLUG VALVE, CL-150",40141612,52000
REC_4066,10,ONGC,"CL-150, 3 IN, PLUG VALVE, SS316",40141612,52000
REC_4067,10,IOCL,"3 IN, SS, PLUG VALVE, 150",40141612,52000
REC_4068,10,IOCL,"CLASS 150, 3 IN, SS, PLUG VALVE",40141612,52000
REC_4069,10,OIL,"STAINLESS STEEL, 3 IN, CLASS 150, PLUG VALVE",40141612,52000
REC_4070,10,OIL,"3 INCH, SS316, PLUG VALVE, CLASS 150",40141612,52000
REC_4071,10,IOCL,"SS, 3 "", CL-150, PLUG VALVE",40141612,52000
REC_4072,10,OIL,"150, PLUG VALVE, SS316, 3 IN",40141612,52000
REC_4073,10,BPCL,"CLASS 150, 3 IN, SS316, PLUG VALVE",40141612,52000
REC_4074,10,IOCL,"PLUG VALVE, STAINLESS STEEL, 3 IN, 150",40141612,52000
REC_4075,10,ONGC,"3 IN, PLUG VALVE, STAINLESS STEEL, CL 150",40141612,52000
REC_4076,10,OIL,"3 INCH, CL 150, PLUG VALVE, SS",40141612,52000
REC_4077,10,BPCL,"3 IN, PLUG VALVE, STAINLESS STEEL, 150",40141612,52000
REC_4078,10,OIL,"CL 150, PLUG VALVE, SS316, 3 IN",40141612,52000
REC_4079,10,ONGC,"SS316, PLUG VALVE, 150, 3 """,40141612,52000
REC_4080,10,IOCL,"3 INCH, CL 150, PLUG VALVE, SS316",40141612,52000
REC_4081,10,IOCL,"3 "", SS316, CL-150, PLUG VALVE",40141612,52000
REC_4082,10,OIL,"PLUG VALVE, CL-150, 3 IN, SS316",40141612,52000
REC_4083,10,ONGC,"PLUG VALVE, STAINLESS STEEL, 150, 3 IN",40141612,52000
REC_4084,10,IOCL,"CLASS 150, STAINLESS STEEL, 3 IN, PLUG VALVE",40141612,52000
REC_4085,10,OIL,"150, STAINLESS STEEL, PLUG VALVE, 3 IN",40141612,52000
REC_4086,10,OIL,"PLUG VALVE, SS316, 3 "", CL-150",40141612,52000
REC_4087,10,OIL,"PLUG VALVE, 150, STAINLESS STEEL, 3 IN",40141612,52000
REC_4088,10,OIL,"SS, CL 150, PLUG VALVE, 3 INCH",40141612,52000
REC_4089,10,IOCL,"3 "", CLASS 150, PLUG VALVE, SS316",40141612,52000
REC_4090,10,BPCL,"3 INCH, PLUG VALVE, SS, CLASS 150",40141612,52000
REC_4091,10,IOCL,"STAINLESS STEEL, PLUG VALVE, CLASS 150, 3 IN",40141612,52000
REC_4092,10,IOCL,"3 "", CL 150, SS, PLUG VALVE",40141612,52000
REC_4093,10,IOCL,"3 IN, SS, CL 150, PLUG VALVE",40141612,52000
REC_4094,10,BPCL,"3 INCH, CL-150, STAINLESS STEEL, PLUG VALVE",40141612,52000
REC_4095,10,IOCL,"3 INCH, SS, PLUG VALVE, CLASS 150",40141612,52000
REC_4096,10,ONGC,"3 IN, SS316, CL 150, PLUG VALVE",40141612,52000
REC_4097,10,ONGC,"150, PLUG VALVE, 3 "", SS316",40141612,52000
REC_4098,10,BPCL,"CL 150, PLUG VALVE, SS, 3 IN",40141612,52000
REC_4099,10,IOCL,"3 IN, CLASS 150, PLUG VALVE, SS",40141612,52000
REC_4100,10,IOCL,"PLUG VALVE, SS316, CLASS 150, 3 INCH",40141612,52000
REC_4101,10,BPCL,"SS, PLUG VALVE, 3 "", CLASS 150",40141612,52000
REC_4102,10,ONGC,"PLUG VALVE, SS, CL-150, 3 IN",40141612,52000
REC_4103,10,IOCL,"PLUG VALVE, SS316, CLASS 150, 3 """,40141612,52000
REC_4104,10,OIL,"3 IN, PLUG VALVE, STAINLESS STEEL, CLASS 150",40141612,52000
REC_4105,10,OIL,"3 IN, CL 150, PLUG VALVE, STAINLESS STEEL",40141612,52000
REC_4106,10,IOCL,"SS316, 3 IN, CL-150, PLUG VALVE",40141612,52000
REC_4107,10,BPCL,"PLUG VALVE, 3 IN, CL-150, STAINLESS STEEL",40141612,52000
REC_4108,10,ONGC,"3 INCH, PLUG VALVE, CL-150, SS316",40141612,52000
REC_4109,10,BPCL,"SS316, 3 "", PLUG VALVE, 150",40141612,52000
REC_4110,10,BPCL,"SS316, 3 IN, CL-150, PLUG VALVE",40141612,52000
REC_4111,10,ONGC,"CLASS 150, SS316, 3 INCH, PLUG VALVE",40141612,52000
REC_4112,10,IOCL,"PLUG VALVE, STAINLESS STEEL, CL 150, 3 """,40141612,52000
REC_4113,10,OIL,"3 IN, STAINLESS STEEL, PLUG VALVE, 150",40141612,52000
REC_4114,10,IOCL,"3 IN, CL 150, SS, PLUG VALVE",40141612,52000
REC_4115,10,BPCL,"CLASS 150, SS316, 3 "", PLUG VALVE",40141612,52000
REC_4116,10,OIL,"150, SS316, PLUG VALVE, 3 """,40141612,52000
REC_4117,10,OIL,"SS, CL 150, 3 IN, PLUG VALVE",40141612,52000
REC_4118,10,IOCL,"SS316, PLUG VALVE, CL-150, 3 """,40141612,52000
REC_4119,10,ONGC,"PLUG VALVE, STAINLESS STEEL, CLASS 150, 3 IN",40141612,52000
REC_4120,10,IOCL,"PLUG VALVE, CL 150, 3 INCH, SS316",40141612,52000
REC_4121,10,BPCL,"PLUG VALVE, 3 IN, STAINLESS STEEL, 150",40141612,52000
REC_4122,10,OIL,"PLUG VALVE, STAINLESS STEEL, 150, 3 INCH",40141612,52000
REC_4123,10,IOCL,"SS316, PLUG VALVE, 3 INCH, CLASS 150",40141612,52000
REC_4124,10,BPCL,"PLUG VALVE, 3 IN, CL-150, SS316",40141612,52000
REC_4125,10,OIL,"PLUG VALVE, 3 IN, CLASS 150, SS",40141612,52000
REC_4126,10,OIL,"PLUG VALVE, 3 IN, CLASS 150, SS316",40141612,52000
REC_4127,10,IOCL,"PLUG VALVE, CLASS 150, SS, 3 INCH",40141612,52000
REC_4128,10,BPCL,"STAINLESS STEEL, 150, 3 IN, PLUG VALVE",40141612,52000
REC_4129,10,BPCL,"PLUG VALVE, CL 150, STAINLESS STEEL, 3 INCH",40141612,52000
REC_4130,10,ONGC,"SS316, 3 IN, PLUG VALVE, CL 150",40141612,52000
REC_4131,10,OIL,"PLUG VALVE, CLASS 150, SS, 3 IN",40141612,52000
REC_4132,10,OIL,"3 INCH, SS316, 150, PLUG VALVE",40141612,52000
REC_4133,10,IOCL,"3 IN, 150, PLUG VALVE, STAINLESS STEEL",40141612,52000
REC_4134,10,IOCL,"SS, CL-150, 3 INCH, PLUG VALVE",40141612,52000
REC_4135,10,BPCL,"3 IN, PLUG VALVE, CLASS 150, SS",40141612,52000
REC_4136,10,OIL,"3 IN, STAINLESS STEEL, CL-150, PLUG VALVE",40141612,52000
REC_4137,10,OIL,"SS, PLUG VALVE, 3 INCH, 150",40141612,52000
REC_4138,10,ONGC,"SS316, 3 INCH, PLUG VALVE, CLASS 150",40141612,52000
REC_4139,10,IOCL,"PLUG VALVE, CLASS 150, STAINLESS STEEL, 3 """,40141612,52000
REC_4140,10,BPCL,"3 INCH, SS, PLUG VALVE, 150",40141612,52000
REC_4141,10,OIL,"PLUG VALVE, CLASS 150, 3 INCH, SS",40141612,52000
REC_4142,10,BPCL,"STAINLESS STEEL, PLUG VALVE, CL 150, 3 IN",40141612,52000
REC_4143,10,IOCL,"CL-150, PLUG VALVE, 3 IN, SS",40141612,52000
REC_4144,10,OIL,"3 "", PLUG VALVE, STAINLESS STEEL, CLASS 150",40141612,52000
REC_4145,10,ONGC,"3 INCH, PLUG VALVE, CLASS 150, SS",40141612,52000
REC_4146,10,ONGC,"SS, CL 150, PLUG VALVE, 3 IN",40141612,52000
REC_4147,10,OIL,"PLUG VALVE, 3 "", SS316, 150",40141612,52000
REC_4148,10,IOCL,"SS, 150, PLUG VALVE, 3 INCH",40141612,52000
REC_4149,10,ONGC,"3 IN, CL-150, PLUG VALVE, SS",40141612,52000
REC_4150,10,BPCL,"150, SS316, PLUG VALVE, 3 INCH",40141612,52000
REC_4151,10,BPCL,"150, PLUG VALVE, STAINLESS STEEL, 3 IN",40141612,52000
REC_4152,10,OIL,"PLUG VALVE, CL-150, 3 "", STAINLESS STEEL",40141612,52000
REC_4153,10,ONGC,"CL 150, PLUG VALVE, 3 IN, SS316",40141612,52000
REC_4154,10,BPCL,"CL-150, 3 INCH, PLUG VALVE, SS",40141612,52000
REC_4155,10,BPCL,"SS, PLUG VALVE, 3 IN, CL-150",40141612,52000
REC_4156,10,IOCL,"CL-150, 3 INCH, STAINLESS STEEL, PLUG VALVE",40141612,52000
REC_4157,10,OIL,"CLASS 150, PLUG VALVE, SS, 3 IN",40141612,52000
REC_4158,10,ONGC,"CL 150, 3 IN, SS316, PLUG VALVE",40141612,52000
REC_4159,10,OIL,"CL-150, SS, 3 IN, PLUG VALVE",40141612,52000
REC_4160,10,OIL,"CL 150, 3 IN, PLUG VALVE, STAINLESS STEEL",40141612,52000
REC_4161,10,ONGC,"SS316, 150, 3 "", PLUG VALVE",40141612,52000
REC_4162,10,IOCL,"CL 150, STAINLESS STEEL, PLUG VALVE, 3 INCH",40141612,52000
REC_4163,10,ONGC,"PLUG VALVE, 3 IN, CL 150, STAINLESS STEEL",40141612,52000
REC_4164,10,IOCL,"3 IN, STAINLESS STEEL, PLUG VALVE, CLASS 150",40141612,52000
REC_4165,10,IOCL,"PLUG VALVE, 3 INCH, SS316, CL-150",40141612,52000
REC_4166,10,BPCL,"3 INCH, PLUG VALVE, SS, CL-150",40141612,52000
REC_4167,10,IOCL,"CL-150, SS316, PLUG VALVE, 3 """,40141612,52000
REC_4168,10,BPCL,"SS, 3 "", 150, PLUG VALVE",40141612,52000
REC_4169,10,OIL,"SS, PLUG VALVE, CL-150, 3 IN",40141612,52000
REC_4170,10,OIL,"CL-150, 3 "", SS316, PLUG VALVE",40141612,52000
REC_4171,10,IOCL,"CL 150, 3 IN, STAINLESS STEEL, PLUG VALVE",40141612,52000
REC_4172,10,OIL,"PLUG VALVE, 3 IN, CLASS 150, SS",40141612,52000
REC_4173,10,ONGC,"3 IN, CL 150, PLUG VALVE, SS",40141612,52000
REC_4174,10,BPCL,"STAINLESS STEEL, CL 150, 3 "", PLUG VALVE",40141612,52000
REC_4175,10,BPCL,"SS316, 150, PLUG VALVE, 3 INCH",40141612,52000
REC_4176,10,IOCL,"PLUG VALVE, 3 INCH, CL 150, SS",40141612,52000
REC_4177,10,BPCL,"PLUG VALVE, STAINLESS STEEL, 3 INCH, CLASS 150",40141612,52000
REC_4178,10,ONGC,"3 "", SS, PLUG VALVE, CLASS 150",40141612,52000
REC_4179,10,ONGC,"SS316, 3 IN, PLUG VALVE, CL 150",40141612,52000
REC_4180,10,OIL,"PLUG VALVE, SS, 3 INCH, CL-150",40141612,52000
REC_4181,10,OIL,"3 "", STAINLESS STEEL, PLUG VALVE, CLASS 150",40141612,52000
REC_4182,10,ONGC,"PLUG VALVE, 3 INCH, CL-150, SS",40141612,52000
REC_4183,10,IOCL,"STAINLESS STEEL, PLUG VALVE, 3 INCH, CLASS 150",40141612,52000
REC_4184,10,OIL,"SS316, PLUG VALVE, 3 "", CL 150",40141612,52000
REC_4185,10,BPCL,"SS316, PLUG VALVE, CL 150, 3 IN",40141612,52000
REC_4186,10,IOCL,"PLUG VALVE, SS316, 3 IN, CLASS 150",40141612,52000
REC_4187,10,IOCL,"PLUG VALVE, 3 INCH, STAINLESS STEEL, CLASS 150",40141612,52000
REC_4188,10,IOCL,"SS316, CL-150, 3 IN, PLUG VALVE",40141612,52000
REC_4189,10,ONGC,"SS316, CL-150, 3 IN, PLUG VALVE",40141612,52000
REC_4190,10,OIL,"CL-150, SS316, 3 "", PLUG VALVE",40141612,52000
REC_4191,10,OIL,"3 INCH, PLUG VALVE, SS, 150",40141612,52000
REC_4192,10,IOCL,"PLUG VALVE, STAINLESS STEEL, CL-150, 3 """,40141612,52000
REC_4193,10,IOCL,"3 IN, PLUG VALVE, SS, CL 150",40141612,52000
REC_4194,10,ONGC,"PLUG VALVE, STAINLESS STEEL, 3 INCH, 150",40141612,52000
REC_4195,10,IOCL,"SS, 3 INCH, CL 150, PLUG VALVE",40141612,52000
REC_4196,10,ONGC,"STAINLESS STEEL, 3 INCH, CL 150, PLUG VALVE",40141612,52000
REC_4197,10,IOCL,"SS316, 150, PLUG VALVE, 3 IN",40141612,52000
REC_4198,10,OIL,"CLASS 150, PLUG VALVE, 3 "", SS316",40141612,52000
REC_4199,10,ONGC,"SS316, 3 "", PLUG VALVE, 150",40141612,52000
